NU_INSCRICAO,NO_MUNICIPIO_RESIDENCIA,IDADE,SEXO,TP_ESTADO_CIVIL,RACA,TP_NACIONALIDADE,TP_ST_CONCLUSAO,ESCOLA,CO_ESCOLA,NO_MUNICIPIO_ESC,TP_PRESENCA_CN,TP_PRESENCA_CH,TP_PRESENCA_LC,TP_PRESENCA_MT,NOTA_CN,NOTA_CH,NOTA_LC,NOTA_MT,TP_LINGUA,TP_STATUS_REDACAO,COMP1,COMP2,COMP3,COMP4,COMP5,NOTA_REDACAO,INTERNET
"1,90E+11",Campinas,16,F,1,branca,1,3,não_respondeu,,,1,1,1,1,57.6,578.6,639.4,548.1,Inglês,1.0,160.0,200.0,160.0,160.0,200.0,880.0,Sim
"1,90E+11",Campinas,16,M,1,branca,1,3,não_respondeu,,,1,1,1,1,620.2,69.4,708.2,848.9,Inglês,1.0,160.0,200.0,200.0,200.0,200.0,960.0,Sim
"1,90E+11",Campinas,17,F,1,branca,1,3,não_respondeu,,,1,1,1,1,571.6,541.2,589.3,64.5,Inglês,1.0,160.0,120.0,140.0,160.0,160.0,740.0,Sim
"1,90E+11",Campinas,17,M,1,parda,1,3,não_respondeu,,,1,1,1,1,582.9,557.7,568.7,638.5,Inglês,1.0,120.0,180.0,160.0,160.0,140.0,760.0,Sim
"1,90E+11",Campinas,16,F,1,branca,1,3,não_respondeu,,,1,1,1,1,607.7,656.6,589.6,680.4,Inglês,1.0,140.0,140.0,160.0,140.0,180.0,760.0,Sim
"1,90E+11",Campinas,16,F,1,branca,1,3,não_respondeu,,,1,1,1,1,628.2,584.4,585.3,669.2,Inglês,1.0,120.0,120.0,120.0,100.0,100.0,560.0,Sim
"1,90E+11",Campinas,17,M,1,amarela,1,3,não_respondeu,,,1,1,1,1,586.7,623.7,60.3,673.2,Inglês,1.0,160.0,120.0,120.0,120.0,160.0,680.0,Sim
"1,90E+11",Campinas,16,F,1,branca,1,3,não_respondeu,,,1,1,1,1,390.8,346.7,466.1,476.7,Inglês,1.0,80.0,80.0,60.0,100.0,0.0,320.0,Sim
"1,90E+11",Campinas,16,F,1,preta,1,3,não_respondeu,,,1,1,1,1,537.4,571.2,559.3,651.8,Inglês,1.0,140.0,120.0,120.0,140.0,160.0,680.0,Sim
"1,90E+11",Campinas,18,M,1,parda,1,3,não_respondeu,,,1,1,1,1,424.4,504.8,462.7,607.9,Inglês,1.0,120.0,120.0,120.0,100.0,0.0,460.0,Sim
"1,90E+11",Campinas,16,F,1,branca,1,3,não_respondeu,,,1,1,1,1,453.1,457.1,486.9,527.8,Inglês,1.0,100.0,140.0,140.0,100.0,120.0,600.0,Sim
"1,90E+11",Campinas,16,M,1,parda,1,3,não_respondeu,,,1,1,1,1,581.8,585.8,558.2,596.3,Espanhol,1.0,160.0,140.0,160.0,120.0,180.0,760.0,Sim
"1,90E+11",Campinas,16,F,1,preta,1,3,não_respondeu,,,1,1,1,1,436.5,465.8,530.5,452.7,Inglês,1.0,120.0,120.0,140.0,120.0,140.0,640.0,Sim
"1,90E+11",Campinas,16,M,1,branca,1,3,não_respondeu,,,1,1,1,1,515.9,505.7,477.8,556.7,Inglês,1.0,120.0,120.0,160.0,120.0,200.0,720.0,Sim
"1,90E+11",Campinas,15,F,1,branca,1,3,não_respondeu,,,1,1,1,1,591.6,483.1,529.5,60.7,Inglês,1.0,160.0,180.0,160.0,160.0,200.0,860.0,Sim
"1,90E+11",Campinas,17,F,1,preta,1,3,não_respondeu,,,1,1,1,1,381.5,467.9,46.5,463.6,Inglês,1.0,120.0,120.0,100.0,120.0,40.0,500.0,Sim
"1,90E+11",Campinas,17,M,1,branca,1,3,não_respondeu,,,1,1,1,1,483.4,457.1,436.5,400.7,Espanhol,4.0,0.0,0.0,0.0,0.0,0.0,0.0,Sim
"1,90E+11",Campinas,17,F,1,branca,1,3,não_respondeu,,,1,1,1,1,526.9,556.3,544.6,51.4,Inglês,1.0,120.0,120.0,100.0,100.0,60.0,500.0,Sim
"1,90E+11",Campinas,17,M,1,branca,1,3,não_respondeu,,,1,1,1,1,583.8,584.3,601.7,596.6,Espanhol,1.0,120.0,120.0,120.0,140.0,80.0,580.0,Sim
"1,90E+11",Campinas,16,M,1,branca,1,3,não_respondeu,,,1,1,1,1,566.3,546.5,52.4,591.6,Inglês,1.0,120.0,120.0,120.0,140.0,100.0,600.0,Sim
"1,90E+11",Campinas,16,M,1,branca,1,3,não_respondeu,,,1,1,1,1,586.6,533.6,492.2,699.9,Espanhol,1.0,120.0,120.0,140.0,180.0,120.0,680.0,Sim
"1,90E+11",Campinas,17,F,1,branca,1,3,não_respondeu,,,1,1,1,1,605.7,611.7,611.8,732.6,Inglês,1.0,120.0,120.0,140.0,140.0,140.0,660.0,Sim
"1,90E+11",Campinas,16,M,1,parda,1,3,não_respondeu,,,1,1,1,1,468.4,548.1,560.2,511.4,Inglês,1.0,120.0,120.0,120.0,120.0,80.0,560.0,Sim
"1,90E+11",Campinas,16,F,1,branca,1,3,não_respondeu,,,1,1,1,1,607.3,620.3,583.9,746.4,Inglês,1.0,160.0,180.0,160.0,160.0,140.0,800.0,Sim
"1,90E+11",Campinas,16,F,1,branca,2,3,não_respondeu,,,1,1,1,1,434.4,403.4,505.1,476.7,Inglês,1.0,120.0,120.0,120.0,120.0,100.0,580.0,Sim
"1,90E+11",Campinas,17,F,1,branca,1,3,não_respondeu,,,1,1,1,1,399.7,435.3,49.9,518.3,Espanhol,1.0,160.0,120.0,140.0,140.0,120.0,680.0,Sim
"1,90E+11",Campinas,17,M,1,branca,1,3,não_respondeu,,,1,1,1,1,573.1,60.2,57.4,711.1,Inglês,1.0,160.0,160.0,160.0,160.0,160.0,800.0,Sim
"1,90E+11",Campinas,17,M,1,nao_declarado,1,3,não_respondeu,,,1,1,1,1,579.7,523.5,567.7,614.8,Inglês,1.0,120.0,160.0,120.0,120.0,160.0,680.0,Sim
"1,90E+11",Campinas,17,F,1,branca,1,3,não_respondeu,,,1,1,1,1,536.8,602.7,601.9,695.9,Inglês,1.0,140.0,140.0,140.0,160.0,140.0,720.0,Sim
"1,90E+11",Campinas,19,F,1,branca,1,3,não_respondeu,,,1,1,1,1,568.1,563.7,577.1,61.0,Inglês,1.0,120.0,140.0,120.0,120.0,140.0,640.0,Sim
"1,90E+11",Campinas,17,F,1,parda,1,3,não_respondeu,,,1,1,1,1,501.9,59.2,531.3,536.6,Inglês,1.0,120.0,120.0,120.0,140.0,120.0,620.0,Sim
"1,90E+11",Campinas,17,F,1,branca,1,3,não_respondeu,,,1,1,1,1,518.6,573.8,542.9,596.3,Inglês,1.0,160.0,120.0,120.0,140.0,140.0,680.0,Não
"1,90E+11",Campinas,16,M,1,branca,1,3,não_respondeu,,,1,1,1,1,490.6,526.2,511.3,45.4,Inglês,1.0,140.0,120.0,120.0,140.0,120.0,640.0,Sim
"1,90E+11",Campinas,17,M,1,branca,1,3,não_respondeu,,,1,1,1,1,363.4,408.3,429.7,592.9,Espanhol,1.0,120.0,120.0,120.0,60.0,100.0,520.0,Sim
"1,90E+11",Campinas,16,F,0,branca,1,3,não_respondeu,,,1,1,1,1,608.4,647.1,616.5,684.8,Espanhol,1.0,120.0,120.0,120.0,120.0,160.0,640.0,Sim
"1,90E+11",Campinas,16,M,1,branca,1,3,não_respondeu,,,1,1,1,1,566.4,629.1,597.8,689.2,Inglês,1.0,160.0,120.0,140.0,160.0,100.0,680.0,Sim
"1,90E+11",Campinas,16,M,1,branca,1,3,não_respondeu,,,1,1,1,1,562.8,599.6,543.7,672.6,Inglês,1.0,120.0,120.0,120.0,120.0,140.0,620.0,Sim
"1,90E+11",Campinas,16,F,1,branca,1,3,não_respondeu,,,1,1,1,1,477.5,587.6,51.8,590.2,Inglês,1.0,120.0,120.0,100.0,120.0,100.0,560.0,Sim
"1,90E+11",Campinas,18,F,1,branca,1,3,não_respondeu,,,1,1,1,1,501.8,550.6,537.1,659.5,Inglês,1.0,140.0,140.0,140.0,120.0,100.0,640.0,Sim
"1,90E+11",Campinas,16,M,1,branca,1,3,não_respondeu,,,1,1,1,1,529.2,478.7,529.9,649.3,Inglês,1.0,120.0,120.0,120.0,140.0,120.0,620.0,Sim
"1,90E+11",Campinas,16,F,1,branca,1,3,não_respondeu,,,1,1,1,1,621.2,634.1,587.8,587.7,Inglês,1.0,160.0,180.0,160.0,160.0,160.0,820.0,Sim
"1,90E+11",Campinas,16,F,1,branca,1,3,não_respondeu,,,1,1,1,1,573.7,540.6,575.4,650.1,Inglês,1.0,160.0,120.0,160.0,160.0,200.0,800.0,Sim
"1,90E+11",Campinas,15,F,0,parda,1,3,não_respondeu,,,1,1,1,1,556.7,617.5,617.3,582.5,Inglês,1.0,120.0,120.0,140.0,160.0,160.0,700.0,Sim
"1,90E+11",Campinas,16,F,1,branca,1,3,não_respondeu,,,1,1,1,1,608.4,52.7,573.9,739.8,Inglês,1.0,160.0,160.0,180.0,160.0,100.0,760.0,Sim
"1,90E+11",Campinas,15,F,1,amarela,1,3,não_respondeu,,,1,1,1,1,550.4,630.1,622.2,781.8,Inglês,1.0,180.0,180.0,180.0,200.0,200.0,940.0,Sim
"1,90E+11",Campinas,16,F,1,branca,1,3,não_respondeu,,,1,1,1,1,547.8,576.5,586.5,665.6,Inglês,1.0,140.0,120.0,120.0,140.0,120.0,640.0,Sim
"1,90E+11",Campinas,17,F,1,branca,1,3,não_respondeu,,,1,1,1,1,579.8,612.5,570.5,794.4,Inglês,1.0,160.0,140.0,120.0,160.0,140.0,720.0,Sim
"1,90E+11",Campinas,17,F,1,branca,1,3,não_respondeu,,,1,1,1,1,456.6,461.7,497.3,568.5,Inglês,1.0,100.0,120.0,80.0,120.0,0.0,420.0,Sim
"1,90E+11",Campinas,17,F,1,branca,1,3,não_respondeu,,,1,1,1,1,528.5,571.9,554.6,608.5,Inglês,1.0,120.0,180.0,120.0,120.0,80.0,620.0,Sim
"1,90E+11",Campinas,17,F,1,branca,1,3,não_respondeu,,,1,1,1,1,516.9,500.9,572.4,640.3,Inglês,1.0,180.0,180.0,180.0,180.0,140.0,860.0,Sim
"1,90E+11",Campinas,16,M,1,branca,1,3,não_respondeu,,,1,1,1,1,443.5,573.1,554.2,696.2,Inglês,1.0,140.0,120.0,120.0,100.0,80.0,560.0,Sim
"1,90E+11",Campinas,17,F,1,parda,1,3,não_respondeu,,,1,1,1,1,60.5,504.4,590.2,535.5,Inglês,1.0,160.0,120.0,120.0,160.0,140.0,700.0,Sim
"1,90E+11",Campinas,16,F,1,branca,1,3,não_respondeu,,,1,1,1,1,617.1,635.6,634.6,716.5,Inglês,1.0,160.0,200.0,180.0,200.0,180.0,920.0,Sim
"1,90E+11",Campinas,16,F,1,branca,1,3,não_respondeu,,,1,1,1,1,557.5,583.5,595.3,597.8,Inglês,1.0,160.0,120.0,120.0,140.0,180.0,720.0,Sim
"1,90E+11",Campinas,16,F,1,branca,1,3,não_respondeu,,,1,1,1,1,645.8,648.2,61.6,687.3,Inglês,1.0,160.0,200.0,160.0,200.0,180.0,900.0,Sim
"1,90E+11",Campinas,17,F,1,branca,1,3,não_respondeu,,,1,1,1,1,551.9,515.7,530.6,631.6,Inglês,1.0,120.0,120.0,100.0,120.0,100.0,560.0,Sim
"1,90E+11",Campinas,17,M,1,branca,1,3,não_respondeu,,,1,1,1,1,402.6,579.3,54.2,709.9,Inglês,1.0,140.0,120.0,140.0,180.0,200.0,780.0,Sim
"1,90E+11",Campinas,17,F,1,parda,1,3,não_respondeu,,,1,1,1,1,38.6,525.6,50.5,45.4,Inglês,1.0,120.0,120.0,120.0,120.0,80.0,560.0,Sim
"1,90E+11",Campinas,16,F,1,branca,1,3,não_respondeu,,,1,1,1,1,59.9,601.5,545.6,698.7,Espanhol,1.0,160.0,140.0,180.0,200.0,200.0,880.0,Sim
"1,90E+11",Campinas,16,M,1,branca,1,3,não_respondeu,,,1,1,1,1,581.8,402.3,499.4,56.5,Inglês,1.0,80.0,120.0,80.0,60.0,40.0,380.0,Sim
"1,90E+11",Campinas,17,M,1,branca,1,3,não_respondeu,,,1,1,1,1,514.2,551.1,58.0,557.6,Inglês,1.0,100.0,120.0,120.0,120.0,160.0,620.0,Sim
"1,90E+11",Campinas,17,M,1,branca,1,3,não_respondeu,,,1,1,1,1,605.8,547.2,594.4,799.1,Inglês,1.0,120.0,120.0,120.0,160.0,120.0,640.0,Sim
"1,90E+11",Campinas,16,M,1,branca,1,3,não_respondeu,,,1,1,1,1,560.4,595.4,63.5,607.7,Inglês,1.0,160.0,180.0,160.0,200.0,200.0,900.0,Sim
"1,90E+11",Campinas,16,M,1,branca,1,3,não_respondeu,,,1,1,1,1,580.3,571.2,57.8,611.6,Inglês,1.0,160.0,120.0,120.0,160.0,160.0,720.0,Sim
"1,90E+11",Campinas,16,M,1,branca,1,3,não_respondeu,,,1,1,1,1,588.5,515.9,54.6,632.9,Inglês,1.0,120.0,100.0,120.0,120.0,120.0,580.0,Sim
"1,90E+11",Campinas,15,F,1,branca,1,3,não_respondeu,,,1,1,1,1,523.1,608.5,568.9,722.9,Inglês,1.0,160.0,100.0,140.0,160.0,120.0,680.0,Sim
"1,90E+11",Campinas,16,F,1,preta,1,3,não_respondeu,,,1,1,1,1,579.4,398.9,53.5,409.8,Inglês,1.0,120.0,120.0,120.0,120.0,100.0,580.0,Sim
"1,90E+11",Campinas,16,F,1,parda,1,3,não_respondeu,,,1,1,1,1,38.8,477.8,539.8,408.7,Inglês,1.0,120.0,40.0,40.0,120.0,0.0,320.0,Não
"1,90E+11",Campinas,16,F,1,branca,1,3,não_respondeu,,,1,1,1,1,575.9,50.5,54.2,652.5,Espanhol,1.0,120.0,80.0,120.0,120.0,100.0,540.0,Sim
"1,90E+11",Campinas,17,M,1,amarela,1,3,não_respondeu,,,1,1,1,1,583.4,610.9,607.8,606.3,Inglês,1.0,120.0,140.0,120.0,120.0,80.0,580.0,Sim
"1,90E+11",Campinas,17,M,1,branca,1,3,não_respondeu,,,1,1,1,1,399.8,38.5,518.6,449.2,Espanhol,4.0,0.0,0.0,0.0,0.0,0.0,0.0,Sim
"1,90E+11",Campinas,16,M,1,branca,1,3,não_respondeu,,,1,1,1,1,590.9,581.8,553.5,677.9,Inglês,1.0,120.0,120.0,100.0,120.0,60.0,520.0,Sim
"1,90E+11",Campinas,18,F,1,branca,1,3,não_respondeu,,,1,1,1,1,505.8,498.3,483.4,441.3,Inglês,1.0,120.0,120.0,120.0,120.0,140.0,620.0,Sim
"1,90E+11",Campinas,15,M,1,branca,1,3,não_respondeu,,,1,1,1,1,631.8,667.8,60.4,797.3,Inglês,1.0,120.0,120.0,120.0,120.0,100.0,580.0,Sim
"1,90E+11",Campinas,16,F,1,branca,1,3,não_respondeu,,,1,1,1,1,370.4,526.2,528.4,405.6,Inglês,1.0,120.0,120.0,120.0,120.0,40.0,520.0,Sim
"1,90E+11",Campinas,17,F,1,branca,1,3,não_respondeu,,,1,1,1,1,546.4,601.7,573.7,619.8,Inglês,1.0,160.0,120.0,160.0,140.0,140.0,720.0,Sim
"1,90E+11",Campinas,16,M,1,branca,1,3,não_respondeu,,,1,1,1,1,601.6,607.7,52.5,760.4,Inglês,1.0,140.0,120.0,120.0,120.0,140.0,640.0,Sim
"1,90E+11",Campinas,17,M,1,branca,1,3,não_respondeu,,,1,1,1,1,512.1,500.4,541.1,440.4,Inglês,1.0,120.0,120.0,80.0,80.0,80.0,480.0,Sim
"1,90E+11",Campinas,15,M,1,branca,1,3,não_respondeu,,,1,1,1,1,515.1,618.4,593.5,685.1,Inglês,1.0,160.0,120.0,180.0,200.0,200.0,860.0,Sim
"1,90E+11",Campinas,16,M,1,branca,1,3,não_respondeu,,,1,1,1,1,399.9,344.6,442.6,543.5,Inglês,1.0,120.0,120.0,100.0,120.0,0.0,460.0,Sim
"1,90E+11",Campinas,15,F,1,branca,1,3,não_respondeu,,,1,1,1,1,625.9,64.0,595.7,701.5,Inglês,1.0,120.0,100.0,120.0,180.0,120.0,640.0,Sim
"1,90E+11",Campinas,16,M,1,branca,1,3,não_respondeu,,,1,1,1,1,541.6,573.7,52.5,634.8,Inglês,1.0,120.0,120.0,120.0,120.0,120.0,600.0,Sim
"1,90E+11",Campinas,16,F,1,parda,1,3,não_respondeu,,,1,1,1,1,43.5,507.5,511.4,549.5,Espanhol,1.0,100.0,120.0,120.0,140.0,120.0,600.0,Não
"1,90E+11",Campinas,18,F,1,branca,1,3,não_respondeu,,,1,1,1,1,576.1,606.4,613.8,679.1,Inglês,1.0,120.0,120.0,100.0,120.0,120.0,580.0,Sim
"1,90E+11",Campinas,17,F,1,parda,2,3,não_respondeu,,,1,1,1,1,489.5,374.4,541.4,578.8,Espanhol,1.0,140.0,120.0,140.0,120.0,20.0,540.0,Sim
"1,90E+11",Campinas,17,M,1,parda,2,3,não_respondeu,,,1,1,1,1,454.8,490.5,539.9,503.9,Inglês,1.0,120.0,120.0,120.0,120.0,100.0,580.0,Sim
"1,90E+11",Campinas,16,M,1,branca,1,3,não_respondeu,,,1,1,1,1,497.1,461.3,48.4,682.7,Inglês,1.0,120.0,120.0,120.0,100.0,0.0,460.0,Sim
"1,90E+11",Campinas,17,F,1,branca,1,3,não_respondeu,,,1,1,1,1,611.1,672.4,602.6,676.5,Inglês,1.0,160.0,200.0,180.0,160.0,200.0,900.0,Sim
"1,90E+11",Campinas,17,F,1,branca,1,3,não_respondeu,,,1,1,1,1,592.5,612.9,66.2,651.8,Inglês,1.0,140.0,140.0,120.0,120.0,160.0,680.0,Sim
"1,90E+11",Campinas,18,M,0,branca,1,3,não_respondeu,,,1,1,1,1,569.1,580.2,575.6,707.7,Inglês,1.0,120.0,120.0,140.0,120.0,100.0,600.0,Sim
"1,90E+11",Campinas,17,M,1,parda,1,3,não_respondeu,,,1,1,1,1,582.5,589.3,587.2,691.1,Inglês,1.0,120.0,160.0,120.0,120.0,140.0,660.0,Sim
"1,90E+11",Campinas,17,F,1,branca,1,3,não_respondeu,,,1,1,1,1,434.4,396.4,533.3,445.4,Inglês,1.0,160.0,120.0,160.0,140.0,180.0,760.0,Sim
"1,90E+11",Campinas,16,M,1,branca,1,3,não_respondeu,,,1,1,1,1,410.5,396.4,435.1,444.7,Espanhol,1.0,80.0,120.0,120.0,100.0,40.0,460.0,Sim
"1,90E+11",Campinas,16,M,1,branca,1,3,não_respondeu,,,1,1,1,1,649.6,651.8,630.1,81.0,Inglês,1.0,160.0,180.0,160.0,140.0,160.0,800.0,Sim
"1,90E+11",Campinas,17,M,1,branca,1,3,não_respondeu,,,1,1,1,1,471.2,385.5,491.4,505.1,Inglês,1.0,100.0,40.0,40.0,120.0,0.0,300.0,Sim
"1,90E+11",Campinas,16,M,1,branca,1,3,não_respondeu,,,1,1,1,1,438.1,547.8,536.3,511.3,Inglês,1.0,120.0,120.0,120.0,120.0,140.0,620.0,Sim
"1,90E+11",Campinas,16,F,1,branca,1,3,não_respondeu,,,1,1,1,1,544.9,532.6,568.4,520.6,Inglês,1.0,120.0,120.0,100.0,120.0,80.0,540.0,Sim
"1,90E+11",Campinas,17,M,1,branca,1,3,não_respondeu,,,1,1,1,1,458.6,506.7,519.9,38.4,Espanhol,1.0,100.0,120.0,100.0,120.0,60.0,500.0,Sim
"1,90E+11",Campinas,17,M,1,branca,1,3,não_respondeu,,,1,1,1,1,577.8,468.5,56.4,550.5,Espanhol,1.0,120.0,120.0,120.0,140.0,140.0,640.0,Sim
"1,90E+11",Campinas,15,F,1,branca,1,3,não_respondeu,,,1,1,1,1,595.5,537.5,576.1,518.1,Inglês,1.0,160.0,120.0,120.0,120.0,140.0,660.0,Sim
"1,90E+11",Campinas,16,F,1,branca,1,3,não_respondeu,,,1,1,1,1,529.2,562.6,564.9,679.7,Inglês,1.0,140.0,120.0,140.0,120.0,120.0,640.0,Sim
"1,90E+11",Campinas,15,M,1,branca,1,3,não_respondeu,,,1,1,1,1,672.5,694.9,583.3,794.2,Inglês,1.0,160.0,160.0,160.0,120.0,100.0,700.0,Sim
"1,90E+11",Campinas,16,F,1,branca,1,3,não_respondeu,,,1,1,1,1,473.7,549.7,568.8,477.1,Espanhol,1.0,140.0,120.0,120.0,120.0,140.0,640.0,Sim
"1,90E+11",Campinas,16,M,1,branca,1,3,não_respondeu,,,1,1,1,1,519.6,473.5,402.6,421.4,Inglês,1.0,120.0,120.0,120.0,120.0,80.0,560.0,Sim
"1,90E+11",Campinas,17,M,1,branca,1,3,não_respondeu,,,1,1,1,1,659.4,673.8,642.3,821.9,Inglês,1.0,160.0,120.0,160.0,120.0,140.0,700.0,Sim
"1,90E+11",Campinas,16,M,1,branca,1,3,não_respondeu,,,1,1,1,1,57.2,565.4,518.2,679.6,Inglês,1.0,140.0,200.0,160.0,160.0,180.0,840.0,Sim
"1,90E+11",Campinas,16,M,1,branca,1,3,não_respondeu,,,1,1,1,1,565.5,586.8,553.1,686.3,Inglês,1.0,140.0,200.0,160.0,140.0,120.0,760.0,Sim
"1,90E+11",Campinas,19,M,1,branca,1,3,não_respondeu,,,1,1,1,1,478.3,42.5,517.3,528.1,Inglês,1.0,120.0,140.0,120.0,120.0,80.0,580.0,Sim
"1,90E+11",Campinas,18,M,1,branca,1,3,não_respondeu,,,1,1,1,1,374.6,432.8,418.2,484.6,Inglês,1.0,80.0,40.0,40.0,80.0,0.0,240.0,Sim
"1,90E+11",Campinas,16,M,1,amarela,1,3,não_respondeu,,,1,1,1,1,649.1,625.5,594.6,83.3,Inglês,1.0,140.0,120.0,120.0,140.0,120.0,640.0,Sim
"1,90E+11",Campinas,17,M,1,branca,1,3,não_respondeu,,,1,1,1,1,550.4,589.8,579.1,685.5,Inglês,1.0,140.0,120.0,140.0,180.0,80.0,660.0,Sim
"1,90E+11",Campinas,15,M,1,branca,1,3,não_respondeu,,,1,1,1,1,556.7,564.9,547.8,673.5,Inglês,1.0,120.0,120.0,120.0,140.0,180.0,680.0,Sim
"1,90E+11",Campinas,17,F,1,branca,1,3,não_respondeu,,,1,1,1,1,624.4,613.3,605.3,793.3,Inglês,1.0,160.0,200.0,200.0,200.0,200.0,960.0,Sim
"1,90E+11",Campinas,18,F,1,branca,1,3,não_respondeu,,,1,1,1,1,410.9,448.9,554.5,560.6,Inglês,1.0,120.0,120.0,120.0,120.0,100.0,580.0,Sim
"1,90E+11",Campinas,17,F,1,parda,1,3,não_respondeu,,,1,1,1,1,413.2,481.6,548.6,49.2,Inglês,1.0,140.0,120.0,100.0,100.0,100.0,560.0,Sim
"1,90E+11",Campinas,17,M,1,branca,1,3,não_respondeu,,,1,1,1,1,538.4,568.1,577.8,593.3,Inglês,1.0,120.0,160.0,120.0,120.0,160.0,680.0,Sim
"1,90E+11",Campinas,16,M,1,preta,1,3,não_respondeu,,,1,1,1,1,512.2,559.2,55.6,600.7,Inglês,1.0,140.0,120.0,160.0,140.0,160.0,720.0,Sim
"1,90E+11",Campinas,17,F,1,branca,1,3,não_respondeu,,,1,1,1,1,513.7,554.5,535.1,658.9,Inglês,1.0,120.0,120.0,100.0,140.0,120.0,600.0,Sim
"1,90E+11",Campinas,16,F,1,branca,1,3,não_respondeu,,,1,1,1,1,508.7,582.4,575.2,564.5,Inglês,1.0,100.0,100.0,100.0,100.0,80.0,480.0,Sim
"1,90E+11",Campinas,17,M,1,branca,1,3,não_respondeu,,,1,1,1,1,565.9,593.7,598.9,809.6,Inglês,1.0,140.0,120.0,120.0,100.0,100.0,580.0,Sim
"1,90E+11",Campinas,17,F,1,branca,1,3,não_respondeu,,,1,1,1,1,475.2,485.8,518.9,474.4,Espanhol,1.0,100.0,120.0,100.0,100.0,40.0,460.0,Sim
"1,90E+11",Campinas,16,F,1,branca,1,3,não_respondeu,,,1,1,1,1,48.6,530.9,547.8,439.2,Inglês,1.0,120.0,120.0,120.0,120.0,140.0,620.0,Sim
"1,90E+11",Campinas,16,M,1,branca,1,3,não_respondeu,,,1,1,1,1,503.5,500.3,586.7,602.1,Inglês,1.0,120.0,120.0,120.0,140.0,100.0,600.0,Sim
"1,90E+11",Campinas,16,M,1,branca,1,3,não_respondeu,,,1,1,1,1,63.7,653.6,584.1,743.9,Inglês,1.0,140.0,120.0,120.0,120.0,180.0,680.0,Sim
"1,90E+11",Campinas,17,F,1,parda,1,3,não_respondeu,,,1,1,1,1,600.3,604.1,621.9,679.8,Inglês,1.0,140.0,120.0,140.0,120.0,160.0,680.0,Sim
"1,90E+11",Campinas,16,F,1,branca,1,3,não_respondeu,,,1,1,1,1,588.4,624.1,627.7,773.5,Inglês,1.0,140.0,200.0,120.0,180.0,140.0,780.0,Sim
"1,90E+11",Campinas,15,M,1,branca,1,3,não_respondeu,,,1,1,1,1,493.6,574.7,542.2,587.3,Inglês,1.0,60.0,120.0,100.0,100.0,100.0,480.0,Sim
"1,90E+11",Campinas,16,F,1,branca,1,3,não_respondeu,,,1,1,1,1,493.5,508.6,513.1,601.1,Inglês,1.0,120.0,120.0,120.0,120.0,120.0,600.0,Sim
"1,90E+11",Campinas,17,F,1,branca,1,3,não_respondeu,,,1,1,1,1,597.2,645.3,638.6,732.1,Inglês,1.0,160.0,160.0,200.0,200.0,180.0,900.0,Sim
"1,90E+11",Campinas,17,M,1,branca,1,3,não_respondeu,,,1,1,1,1,583.7,593.5,606.2,737.3,Inglês,1.0,140.0,120.0,140.0,140.0,180.0,720.0,Sim
"1,90E+11",Campinas,17,M,1,branca,1,3,não_respondeu,,,1,1,1,1,675.7,698.1,620.6,86.7,Inglês,1.0,120.0,120.0,140.0,120.0,140.0,640.0,Sim
"1,90E+11",Campinas,16,F,1,preta,1,3,não_respondeu,,,1,1,1,1,572.4,578.1,61.6,609.7,Inglês,1.0,160.0,200.0,160.0,160.0,140.0,820.0,Sim
"1,90E+11",Campinas,17,F,1,branca,1,3,não_respondeu,,,1,1,1,1,483.5,379.2,533.4,53.4,Inglês,1.0,140.0,80.0,80.0,100.0,0.0,400.0,Sim
"1,90E+11",Campinas,16,F,1,branca,1,3,não_respondeu,,,1,1,1,1,602.7,624.9,595.2,739.2,Inglês,1.0,180.0,200.0,200.0,160.0,180.0,920.0,Sim
"1,90E+11",Campinas,17,F,1,branca,1,3,não_respondeu,,,1,1,1,1,41.7,450.5,461.7,402.1,Inglês,1.0,160.0,120.0,160.0,140.0,120.0,700.0,Sim
"1,90E+11",Campinas,16,F,1,branca,1,3,não_respondeu,,,1,1,1,1,437.6,473.5,471.8,576.6,Inglês,1.0,140.0,120.0,140.0,180.0,140.0,720.0,Sim
"1,90E+11",Campinas,16,M,1,branca,1,3,não_respondeu,,,1,1,1,1,497.2,614.8,622.4,457.9,Inglês,1.0,100.0,80.0,120.0,140.0,60.0,500.0,Sim
"1,90E+11",Campinas,16,M,1,parda,1,3,não_respondeu,,,1,1,1,1,463.8,412.7,513.4,443.5,Espanhol,1.0,80.0,120.0,100.0,80.0,100.0,480.0,Sim
"1,90E+11",Campinas,17,F,1,nao_declarado,1,3,não_respondeu,,,1,1,1,1,492.7,555.4,587.2,519.3,Inglês,1.0,160.0,120.0,140.0,140.0,120.0,680.0,Sim
"1,90E+11",Campinas,17,M,1,amarela,1,3,não_respondeu,,,1,1,1,1,562.9,582.1,57.4,756.4,Inglês,1.0,120.0,120.0,120.0,120.0,120.0,600.0,Sim
"1,90E+11",Campinas,16,M,2,branca,1,3,não_respondeu,,,1,1,1,1,542.5,559.6,558.8,647.2,Inglês,1.0,120.0,120.0,120.0,120.0,80.0,560.0,Sim
"1,90E+11",Campinas,16,F,1,branca,1,3,não_respondeu,,,1,1,1,1,578.6,542.9,593.9,592.4,Inglês,1.0,160.0,120.0,120.0,140.0,120.0,660.0,Sim
"1,90E+11",Campinas,16,F,1,parda,1,3,não_respondeu,,,1,1,1,1,386.7,393.3,511.8,37.3,Inglês,1.0,120.0,120.0,100.0,140.0,0.0,480.0,Sim
"1,90E+11",Campinas,17,M,1,branca,1,3,não_respondeu,,,1,1,1,1,573.5,65.2,60.8,752.7,Inglês,1.0,160.0,160.0,160.0,160.0,140.0,780.0,Sim
"1,90E+11",Campinas,17,F,1,branca,1,3,não_respondeu,,,1,1,1,1,558.1,577.5,566.3,709.4,Inglês,1.0,160.0,140.0,160.0,200.0,200.0,860.0,Sim
"1,90E+11",Campinas,16,M,1,branca,1,3,não_respondeu,,,1,1,1,1,560.8,569.1,566.8,651.4,Inglês,1.0,120.0,120.0,120.0,120.0,140.0,620.0,Sim
"1,90E+11",Campinas,16,F,1,parda,1,3,não_respondeu,,,1,1,1,1,419.6,521.6,502.3,440.4,Inglês,1.0,120.0,120.0,120.0,140.0,0.0,500.0,Sim
"1,90E+11",Campinas,16,F,1,branca,1,3,não_respondeu,,,1,1,1,1,603.5,621.8,606.8,577.5,Inglês,1.0,160.0,140.0,160.0,160.0,200.0,820.0,Sim
"1,90E+11",Campinas,17,F,1,amarela,1,3,não_respondeu,,,1,1,1,1,354.6,486.2,531.3,647.6,Espanhol,1.0,120.0,120.0,120.0,120.0,120.0,600.0,Sim
"1,90E+11",Campinas,16,M,1,branca,1,3,não_respondeu,,,1,1,1,1,587.6,586.6,589.3,688.5,Inglês,1.0,160.0,180.0,160.0,140.0,180.0,820.0,Sim
"1,90E+11",Campinas,16,F,1,branca,1,3,não_respondeu,,,1,1,1,1,56.2,587.2,576.9,64.7,Inglês,1.0,140.0,120.0,120.0,160.0,160.0,700.0,Sim
"1,90E+11",Campinas,17,F,1,branca,1,3,não_respondeu,,,1,1,1,1,418.7,486.1,55.8,51.4,Inglês,1.0,160.0,120.0,120.0,140.0,120.0,660.0,Sim
"1,90E+11",Campinas,16,M,1,branca,1,3,não_respondeu,,,1,1,1,1,548.6,549.4,567.6,635.6,Inglês,1.0,120.0,120.0,120.0,100.0,40.0,500.0,Sim
"1,90E+11",Campinas,16,M,1,branca,1,3,não_respondeu,,,1,1,1,1,500.2,574.4,58.8,580.8,Inglês,1.0,100.0,120.0,120.0,120.0,120.0,580.0,Sim
"1,90E+11",Campinas,16,F,1,branca,1,3,não_respondeu,,,1,1,1,1,570.5,604.8,570.7,580.3,Inglês,1.0,160.0,140.0,140.0,140.0,120.0,700.0,Sim
"1,90E+11",Campinas,16,M,1,amarela,1,3,não_respondeu,,,1,1,1,1,533.3,548.1,425.7,740.7,Inglês,1.0,120.0,120.0,120.0,140.0,100.0,600.0,Sim
"1,90E+11",Campinas,16,M,1,branca,1,3,não_respondeu,,,1,1,1,1,492.9,435.3,524.9,510.8,Espanhol,1.0,120.0,120.0,120.0,120.0,20.0,500.0,Sim
"1,90E+11",Campinas,16,F,1,branca,1,3,não_respondeu,,,1,1,1,1,540.5,40.4,519.9,424.4,Inglês,1.0,120.0,40.0,40.0,120.0,0.0,320.0,Sim
"1,90E+11",Campinas,16,F,1,branca,1,3,não_respondeu,,,1,1,1,1,551.8,58.1,59.3,576.3,Inglês,1.0,160.0,160.0,160.0,140.0,160.0,780.0,Sim
"1,90E+11",Campinas,16,F,1,branca,1,3,não_respondeu,,,1,1,1,1,60.8,552.6,594.6,665.6,Inglês,1.0,160.0,160.0,140.0,180.0,160.0,800.0,Sim
"1,90E+11",Campinas,16,M,1,branca,1,3,não_respondeu,,,1,1,1,1,587.4,606.5,528.4,677.1,Inglês,1.0,120.0,140.0,140.0,120.0,160.0,680.0,Sim
"1,90E+11",Campinas,17,M,1,branca,1,3,não_respondeu,,,1,1,1,1,525.1,584.3,467.4,69.5,Inglês,1.0,160.0,120.0,120.0,120.0,120.0,640.0,Sim
"1,90E+11",Campinas,16,F,1,amarela,1,3,não_respondeu,,,1,1,1,1,440.3,52.0,497.4,378.1,Inglês,1.0,120.0,40.0,40.0,120.0,0.0,320.0,Sim
"1,90E+11",Campinas,15,F,1,branca,1,3,não_respondeu,,,1,1,1,1,487.9,535.4,514.9,55.7,Inglês,1.0,120.0,120.0,100.0,120.0,100.0,560.0,Sim
"1,90E+11",Campinas,15,F,1,branca,1,3,não_respondeu,,,1,1,1,1,426.4,559.3,567.5,667.7,Inglês,1.0,160.0,180.0,120.0,120.0,160.0,740.0,Sim
"1,90E+11",Campinas,17,F,1,parda,1,3,não_respondeu,,,1,1,1,1,415.7,445.9,522.6,547.7,Espanhol,1.0,120.0,120.0,120.0,120.0,100.0,580.0,Sim
"1,90E+11",Campinas,16,F,1,branca,1,3,não_respondeu,,,1,1,1,1,602.4,531.1,586.9,585.2,Inglês,1.0,160.0,140.0,160.0,200.0,200.0,860.0,Sim
"1,90E+11",Campinas,16,F,1,branca,1,3,não_respondeu,,,1,1,1,1,558.2,606.1,584.7,730.5,Inglês,1.0,160.0,180.0,160.0,180.0,160.0,840.0,Sim
"1,90E+11",Campinas,17,F,1,branca,1,3,não_respondeu,,,1,1,1,1,557.7,590.8,606.4,643.4,Inglês,1.0,160.0,180.0,160.0,160.0,120.0,780.0,Sim
"1,90E+11",Campinas,17,F,1,branca,1,3,não_respondeu,,,1,1,1,1,565.9,60.0,604.3,724.4,Inglês,1.0,160.0,120.0,200.0,200.0,200.0,880.0,Sim
"1,90E+11",Campinas,16,M,1,branca,1,3,não_respondeu,,,1,1,1,1,460.2,557.4,579.4,647.5,Inglês,1.0,180.0,200.0,200.0,180.0,140.0,900.0,Sim
"1,90E+11",Campinas,17,M,0,branca,1,3,não_respondeu,,,1,1,1,1,47.5,486.2,532.7,658.1,Inglês,1.0,120.0,120.0,120.0,120.0,100.0,580.0,Sim
"1,90E+11",Campinas,15,F,1,branca,1,3,não_respondeu,,,1,1,1,1,435.1,548.1,577.2,633.9,Inglês,1.0,120.0,140.0,120.0,140.0,120.0,640.0,Sim
"1,90E+11",Campinas,15,F,1,branca,1,3,não_respondeu,,,1,1,1,1,49.6,613.3,510.6,704.2,Inglês,1.0,120.0,120.0,120.0,140.0,160.0,660.0,Sim
"1,90E+11",Campinas,16,F,0,parda,1,3,não_respondeu,,,1,1,1,1,590.3,600.9,61.6,482.7,Inglês,1.0,160.0,120.0,120.0,100.0,80.0,580.0,Sim
"1,90E+11",Campinas,17,M,1,parda,1,3,não_respondeu,,,1,1,1,1,557.5,574.5,560.5,602.4,Inglês,1.0,140.0,40.0,140.0,140.0,180.0,640.0,Sim
"1,90E+11",Campinas,15,F,1,branca,1,3,não_respondeu,,,1,1,1,1,403.3,580.8,567.2,497.8,Inglês,1.0,140.0,200.0,160.0,160.0,140.0,800.0,Sim
"1,90E+11",Campinas,16,F,1,branca,1,3,não_respondeu,,,1,1,1,1,556.2,56.6,614.7,723.4,Inglês,1.0,120.0,180.0,160.0,120.0,140.0,720.0,Sim
"1,90E+11",Campinas,17,F,1,branca,1,3,não_respondeu,,,1,1,1,1,558.9,534.4,54.4,539.3,Inglês,1.0,140.0,120.0,120.0,180.0,160.0,720.0,Sim
"1,90E+11",Campinas,16,M,1,branca,1,3,não_respondeu,,,1,1,1,1,569.7,577.1,570.1,71.8,Inglês,1.0,120.0,120.0,140.0,120.0,140.0,640.0,Sim
"1,90E+11",Campinas,16,F,1,branca,1,3,não_respondeu,,,1,1,1,1,557.1,484.6,524.5,562.9,Espanhol,1.0,120.0,120.0,120.0,120.0,140.0,620.0,Sim
"1,90E+11",Campinas,17,M,1,parda,1,3,não_respondeu,,,1,1,1,1,535.9,532.4,49.9,428.5,Inglês,1.0,120.0,120.0,120.0,120.0,140.0,620.0,Sim
"1,90E+11",Campinas,16,F,1,parda,1,3,não_respondeu,,,1,1,1,1,492.3,472.2,528.3,557.4,Inglês,1.0,120.0,200.0,120.0,120.0,140.0,700.0,Sim
"1,90E+11",Campinas,16,F,1,branca,1,3,não_respondeu,,,1,1,1,1,438.8,531.1,569.1,446.5,Inglês,1.0,120.0,120.0,120.0,100.0,100.0,560.0,Sim
"1,90E+11",Campinas,16,F,1,parda,1,3,não_respondeu,,,1,1,1,1,38.8,515.2,491.8,502.7,Espanhol,1.0,120.0,120.0,120.0,100.0,0.0,460.0,Sim
"1,90E+11",Campinas,17,F,1,branca,1,3,não_respondeu,,,1,1,1,1,640.8,561.3,538.8,659.8,Inglês,4.0,0.0,0.0,0.0,0.0,0.0,0.0,Sim
"1,90E+11",Campinas,16,F,1,branca,1,3,não_respondeu,,,1,1,1,1,569.4,615.2,597.1,810.6,Inglês,1.0,160.0,120.0,140.0,140.0,160.0,720.0,Sim
"1,90E+11",Campinas,17,M,1,branca,1,3,não_respondeu,,,1,1,1,1,507.8,546.3,518.5,526.1,Inglês,1.0,80.0,120.0,120.0,80.0,80.0,480.0,Sim
"1,90E+11",Campinas,16,F,1,branca,1,3,não_respondeu,,,1,1,1,1,50.5,517.6,60.7,685.8,Inglês,1.0,160.0,200.0,180.0,180.0,160.0,880.0,Sim
"1,90E+11",Campinas,17,F,1,branca,1,3,não_respondeu,,,1,1,1,1,519.1,546.1,571.7,395.4,Inglês,1.0,120.0,120.0,120.0,120.0,40.0,520.0,Sim
"1,90E+11",Campinas,17,F,1,parda,1,3,não_respondeu,,,1,1,1,1,494.6,555.9,511.3,474.9,Inglês,1.0,80.0,40.0,60.0,80.0,0.0,260.0,Não
"1,90E+11",Campinas,17,F,1,branca,1,3,não_respondeu,,,1,1,1,1,458.8,55.9,576.2,726.1,Inglês,1.0,140.0,120.0,140.0,180.0,160.0,740.0,Sim
"1,90E+11",Campinas,16,M,1,branca,1,3,não_respondeu,,,1,1,1,1,586.8,578.6,576.1,657.4,Inglês,1.0,120.0,180.0,120.0,120.0,140.0,680.0,Sim
"1,90E+11",Campinas,17,F,1,parda,1,3,não_respondeu,,,1,1,1,1,499.7,538.9,49.3,446.7,Inglês,1.0,120.0,120.0,120.0,120.0,100.0,580.0,Sim
"1,90E+11",Campinas,16,F,1,branca,1,3,não_respondeu,,,1,1,1,1,595.7,686.6,644.3,691.3,Inglês,1.0,180.0,200.0,200.0,200.0,200.0,980.0,Sim
"1,90E+11",Campinas,15,M,1,branca,1,3,não_respondeu,,,1,1,1,1,56.5,614.8,607.7,758.7,Inglês,1.0,120.0,120.0,120.0,120.0,140.0,620.0,Sim
"1,90E+11",Campinas,16,F,0,branca,1,3,não_respondeu,,,1,1,1,1,558.5,590.6,570.4,722.9,Inglês,1.0,140.0,180.0,160.0,160.0,180.0,820.0,Sim
"1,90E+11",Campinas,16,F,0,branca,1,3,não_respondeu,,,1,1,1,1,579.1,500.5,574.4,599.6,Inglês,1.0,120.0,120.0,120.0,120.0,80.0,560.0,Sim
"1,90E+11",Campinas,16,F,1,branca,1,3,não_respondeu,,,1,1,1,1,48.0,496.6,537.4,62.9,Espanhol,1.0,160.0,120.0,180.0,180.0,160.0,800.0,Sim
"1,90E+11",Campinas,18,F,1,parda,4,3,não_respondeu,,,1,1,1,1,371.5,470.3,479.6,483.3,Espanhol,1.0,120.0,100.0,100.0,120.0,0.0,440.0,Não
"1,90E+11",Campinas,17,M,1,branca,1,3,não_respondeu,,,1,1,1,1,662.6,649.9,626.8,649.9,Inglês,1.0,160.0,160.0,160.0,160.0,120.0,760.0,Sim
"1,90E+11",Campinas,16,F,1,branca,4,3,não_respondeu,,,1,1,1,1,536.6,608.1,600.1,661.2,Inglês,1.0,100.0,80.0,100.0,100.0,20.0,400.0,Sim
"1,90E+11",Campinas,17,M,1,branca,1,3,não_respondeu,,,1,1,1,1,600.1,530.9,583.1,473.3,Inglês,1.0,120.0,120.0,120.0,120.0,100.0,580.0,Sim
"1,90E+11",Campinas,16,M,1,branca,1,3,não_respondeu,,,1,1,1,1,443.9,469.4,537.3,445.2,Inglês,1.0,120.0,100.0,100.0,120.0,120.0,560.0,Sim
"1,90E+11",Campinas,16,F,1,branca,1,3,não_respondeu,,,1,1,1,1,408.7,416.2,58.6,716.3,Espanhol,1.0,140.0,100.0,120.0,120.0,120.0,600.0,Sim
"1,90E+11",Campinas,16,F,1,branca,1,3,não_respondeu,,,1,1,1,1,555.9,43.4,551.6,536.5,Inglês,1.0,160.0,200.0,180.0,200.0,180.0,920.0,Sim
"1,90E+11",Campinas,16,F,1,branca,1,3,não_respondeu,,,1,1,1,1,50.1,554.7,531.9,510.1,Inglês,1.0,120.0,160.0,160.0,120.0,160.0,720.0,Sim
"1,90E+11",Campinas,17,M,1,parda,1,3,não_respondeu,,,1,1,1,1,604.3,626.7,605.8,627.8,Inglês,1.0,160.0,200.0,140.0,160.0,160.0,820.0,Sim
"1,90E+11",Campinas,16,F,1,parda,1,3,não_respondeu,,,1,1,1,1,353.7,572.9,523.2,437.9,Inglês,1.0,140.0,120.0,100.0,140.0,20.0,520.0,Sim
"1,90E+11",Campinas,16,M,1,branca,1,3,não_respondeu,,,1,1,1,1,628.5,597.4,584.5,681.7,Inglês,1.0,140.0,160.0,160.0,180.0,120.0,760.0,Sim
"1,90E+11",Campinas,16,F,1,branca,1,3,não_respondeu,,,1,1,1,1,623.9,586.3,593.4,591.8,Inglês,1.0,160.0,180.0,160.0,200.0,200.0,900.0,Sim
"1,90E+11",Campinas,16,M,1,branca,1,3,não_respondeu,,,1,1,1,1,39.3,387.9,510.3,695.3,Inglês,1.0,120.0,100.0,120.0,120.0,80.0,540.0,Sim
"1,90E+11",Campinas,14,F,1,branca,1,3,não_respondeu,,,1,1,1,1,566.1,571.9,573.1,638.1,Inglês,1.0,160.0,180.0,200.0,180.0,180.0,900.0,Sim
"1,90E+11",Campinas,16,F,1,branca,1,3,não_respondeu,,,1,1,1,1,52.4,516.2,549.8,553.3,Inglês,1.0,160.0,120.0,120.0,180.0,120.0,700.0,Sim
"1,90E+11",Campinas,17,F,1,parda,1,3,não_respondeu,,,1,1,1,1,497.4,442.3,493.5,385.9,Inglês,1.0,120.0,120.0,140.0,120.0,120.0,620.0,Sim
"1,90E+11",Campinas,17,M,1,branca,1,3,não_respondeu,,,1,1,1,1,560.6,576.2,543.8,684.3,Inglês,1.0,120.0,120.0,120.0,120.0,120.0,600.0,Sim
"1,90E+11",Campinas,17,F,1,amarela,1,3,não_respondeu,,,1,1,1,1,662.1,700.8,801.7,786.7,Inglês,1.0,180.0,180.0,180.0,200.0,160.0,900.0,Sim
"1,90E+11",Campinas,15,M,1,amarela,1,3,não_respondeu,,,1,1,1,1,423.9,54.9,477.8,542.6,Inglês,1.0,120.0,120.0,120.0,120.0,120.0,600.0,Sim
"1,90E+11",Campinas,15,F,1,nao_declarado,1,3,não_respondeu,,,1,1,1,1,679.1,699.6,684.9,838.9,Inglês,1.0,180.0,200.0,180.0,180.0,200.0,940.0,Sim
"1,90E+11",Campinas,17,F,1,branca,1,3,não_respondeu,,,1,1,1,1,520.9,544.1,541.3,629.6,Espanhol,1.0,120.0,120.0,120.0,120.0,100.0,580.0,Sim
"1,90E+11",Campinas,16,F,1,branca,1,3,não_respondeu,,,1,1,1,1,58.3,594.4,580.9,71.1,Inglês,1.0,160.0,120.0,140.0,160.0,180.0,760.0,Sim
"1,90E+11",Campinas,16,F,1,branca,1,3,não_respondeu,,,1,1,1,1,648.7,631.1,631.1,739.4,Inglês,1.0,160.0,120.0,200.0,200.0,160.0,840.0,Sim
"1,90E+11",Campinas,16,F,1,nao_declarado,1,3,não_respondeu,,,1,1,1,1,598.1,641.3,595.9,693.9,Inglês,1.0,140.0,160.0,120.0,160.0,160.0,740.0,Sim
"1,90E+11",Campinas,15,F,1,branca,1,3,não_respondeu,,,1,1,1,1,39.6,410.6,445.1,386.9,Espanhol,1.0,120.0,120.0,100.0,120.0,40.0,500.0,Sim
"1,90E+11",Campinas,16,F,1,branca,1,3,não_respondeu,,,1,1,1,1,541.7,564.6,569.7,635.3,Inglês,1.0,160.0,200.0,160.0,200.0,200.0,920.0,Sim
"1,90E+11",Campinas,16,F,1,branca,1,3,não_respondeu,,,1,1,1,1,553.3,640.9,596.9,816.5,Inglês,1.0,120.0,120.0,120.0,120.0,120.0,600.0,Sim
"1,90E+11",Campinas,17,M,1,branca,3,3,não_respondeu,,,1,1,1,1,644.5,659.5,630.2,763.8,Espanhol,1.0,160.0,200.0,180.0,160.0,200.0,900.0,Sim
"1,90E+11",Campinas,15,F,1,branca,1,3,não_respondeu,,,1,1,1,1,403.3,549.4,510.5,550.7,Espanhol,1.0,120.0,120.0,100.0,120.0,0.0,460.0,Sim
"1,90E+11",Campinas,17,F,1,branca,1,3,não_respondeu,,,1,1,1,1,514.7,549.1,554.5,706.9,Espanhol,1.0,120.0,100.0,120.0,120.0,80.0,540.0,Sim
"1,90E+11",Campinas,16,M,1,parda,1,3,não_respondeu,,,1,1,1,1,41.4,496.6,508.2,500.5,Inglês,1.0,120.0,120.0,120.0,140.0,120.0,620.0,Sim
"1,90E+11",Campinas,16,M,1,branca,1,3,não_respondeu,,,1,1,1,1,54.9,533.3,548.5,597.6,Inglês,1.0,140.0,160.0,120.0,120.0,80.0,620.0,Sim
"1,90E+11",Campinas,16,F,1,parda,1,3,não_respondeu,,,1,1,1,1,37.2,386.3,479.6,425.4,Inglês,1.0,140.0,100.0,120.0,120.0,100.0,580.0,Sim
"1,90E+11",Campinas,17,F,1,branca,1,3,não_respondeu,,,1,1,1,1,374.9,413.3,475.3,390.2,Espanhol,1.0,100.0,80.0,60.0,80.0,0.0,320.0,Sim
"1,90E+11",Campinas,17,F,1,branca,1,3,não_respondeu,,,1,1,1,1,527.1,58.0,56.3,509.5,Inglês,1.0,160.0,120.0,160.0,160.0,140.0,740.0,Sim
"1,90E+11",Campinas,16,F,1,branca,1,3,não_respondeu,,,1,1,1,1,559.1,649.6,616.1,626.9,Inglês,1.0,160.0,100.0,140.0,180.0,160.0,740.0,Sim
"1,90E+11",Campinas,16,M,1,branca,1,3,não_respondeu,,,1,1,1,1,545.2,553.4,542.6,706.3,Inglês,1.0,160.0,160.0,160.0,180.0,160.0,820.0,Sim
"1,90E+11",Campinas,16,F,1,branca,1,3,não_respondeu,,,1,1,1,1,646.9,678.5,615.4,722.6,Inglês,1.0,120.0,120.0,140.0,100.0,140.0,620.0,Sim
"1,90E+11",Campinas,16,F,1,parda,1,3,não_respondeu,,,1,1,1,1,459.4,504.9,535.1,407.3,Inglês,1.0,160.0,120.0,120.0,140.0,60.0,600.0,Sim
"1,90E+11",Campinas,17,F,1,branca,1,3,não_respondeu,,,1,1,1,1,545.1,610.3,565.9,551.1,Inglês,1.0,120.0,120.0,120.0,120.0,160.0,640.0,Sim
"1,90E+11",Campinas,17,F,1,parda,1,3,não_respondeu,,,1,1,1,1,517.9,58.0,537.8,528.3,Inglês,1.0,160.0,120.0,140.0,160.0,120.0,700.0,Sim
"1,90E+11",Campinas,18,M,1,branca,1,3,não_respondeu,,,1,1,1,1,58.6,544.7,546.9,446.3,Inglês,1.0,120.0,40.0,40.0,120.0,0.0,320.0,Sim
"1,90E+11",Campinas,16,M,1,nao_declarado,1,3,não_respondeu,,,1,1,1,1,651.7,642.5,596.3,698.7,Inglês,1.0,160.0,140.0,160.0,120.0,120.0,700.0,Sim
"1,90E+11",Campinas,17,F,1,parda,2,3,não_respondeu,,,1,1,1,1,439.8,445.6,517.8,550.3,Inglês,1.0,140.0,120.0,140.0,160.0,60.0,620.0,Sim
"1,90E+11",Campinas,17,F,1,amarela,1,3,não_respondeu,,,1,1,1,1,567.7,578.2,611.3,662.4,Inglês,1.0,160.0,200.0,180.0,200.0,120.0,860.0,Sim
"1,90E+11",Campinas,18,M,1,branca,1,3,não_respondeu,,,1,1,1,1,613.6,583.4,589.2,646.5,Inglês,1.0,120.0,120.0,120.0,120.0,120.0,600.0,Sim
"1,90E+11",Campinas,17,F,1,branca,1,3,não_respondeu,,,1,1,1,1,419.8,49.9,516.2,436.7,Inglês,1.0,120.0,100.0,80.0,100.0,0.0,400.0,Sim
"1,90E+11",Campinas,16,M,1,parda,1,3,não_respondeu,,,1,1,1,1,461.7,576.7,578.8,631.2,Inglês,1.0,140.0,100.0,120.0,120.0,120.0,600.0,Sim
"1,90E+11",Campinas,16,M,1,branca,1,3,não_respondeu,,,1,1,1,1,647.4,662.1,567.5,664.9,Inglês,1.0,160.0,120.0,160.0,160.0,180.0,780.0,Sim
"1,90E+11",Campinas,17,F,1,branca,1,3,não_respondeu,,,1,1,1,1,562.2,604.3,599.4,624.4,Inglês,1.0,140.0,120.0,120.0,120.0,160.0,660.0,Sim
"1,90E+11",Campinas,16,F,1,preta,3,3,não_respondeu,,,1,1,1,1,441.5,592.8,587.5,555.8,Inglês,1.0,180.0,180.0,160.0,160.0,160.0,840.0,Sim
"1,90E+11",Campinas,16,F,1,branca,1,3,não_respondeu,,,1,1,1,1,584.5,630.9,604.4,680.3,Inglês,1.0,140.0,120.0,160.0,120.0,180.0,720.0,Sim
"1,90E+11",Campinas,16,M,1,branca,1,3,não_respondeu,,,1,1,1,1,471.3,443.2,433.1,653.1,Inglês,1.0,120.0,180.0,120.0,120.0,0.0,540.0,Sim
"1,90E+11",Campinas,17,F,1,branca,1,3,não_respondeu,,,1,1,1,1,604.9,582.4,579.2,683.3,Inglês,1.0,140.0,120.0,120.0,140.0,120.0,640.0,Sim
"1,90E+11",Campinas,16,F,1,branca,1,3,não_respondeu,,,1,1,1,1,531.2,510.2,604.3,674.1,Inglês,1.0,120.0,140.0,120.0,160.0,140.0,680.0,Sim
"1,90E+11",Campinas,16,M,1,branca,1,3,não_respondeu,,,1,1,1,1,518.5,605.9,529.8,698.8,Inglês,1.0,120.0,100.0,100.0,120.0,120.0,560.0,Sim
"1,90E+11",Campinas,16,F,1,branca,1,3,não_respondeu,,,1,1,1,1,567.1,558.9,583.1,641.4,Espanhol,1.0,120.0,120.0,140.0,100.0,120.0,600.0,Sim
"1,90E+11",Campinas,16,M,1,branca,1,3,não_respondeu,,,1,1,1,1,547.8,641.7,576.8,688.6,Inglês,1.0,120.0,120.0,120.0,120.0,140.0,620.0,Sim
"1,90E+11",Campinas,15,F,1,preta,1,3,não_respondeu,,,1,1,1,1,476.9,551.1,555.2,67.0,Inglês,1.0,120.0,160.0,120.0,140.0,80.0,620.0,Sim
"1,90E+11",Campinas,17,M,1,branca,1,3,não_respondeu,,,1,1,1,1,586.3,591.8,585.8,615.3,Inglês,1.0,140.0,120.0,120.0,120.0,160.0,660.0,Sim
"1,90E+11",Campinas,17,F,1,branca,1,3,não_respondeu,,,1,1,1,1,526.9,653.2,596.7,686.3,Inglês,1.0,140.0,120.0,120.0,160.0,200.0,740.0,Sim
"1,90E+11",Campinas,17,M,1,branca,1,3,não_respondeu,,,1,1,1,1,415.7,465.1,499.9,398.7,Espanhol,1.0,120.0,120.0,120.0,80.0,100.0,540.0,Sim
"1,90E+11",Campinas,17,M,1,branca,1,3,não_respondeu,,,1,1,1,1,396.8,456.6,527.4,481.1,Espanhol,1.0,120.0,40.0,40.0,140.0,0.0,340.0,Sim
"1,90E+11",Campinas,17,M,1,branca,1,3,não_respondeu,,,1,1,1,1,601.1,696.5,602.1,779.5,Inglês,1.0,120.0,120.0,140.0,140.0,160.0,680.0,Sim
"1,90E+11",Campinas,15,F,1,branca,1,3,não_respondeu,,,1,1,1,1,572.3,554.7,583.2,663.4,Inglês,1.0,140.0,160.0,120.0,120.0,140.0,680.0,Sim
"1,90E+11",Campinas,16,F,1,branca,1,3,não_respondeu,,,1,1,1,1,613.8,589.7,605.2,677.5,Inglês,1.0,160.0,180.0,160.0,180.0,200.0,880.0,Sim
"1,90E+11",Campinas,17,M,1,branca,1,3,não_respondeu,,,1,1,1,1,567.8,548.8,554.5,667.4,Inglês,1.0,160.0,160.0,140.0,180.0,140.0,780.0,Sim
"1,90E+11",Campinas,16,M,1,branca,1,3,não_respondeu,,,1,1,1,1,388.9,360.5,488.3,422.5,Inglês,1.0,120.0,120.0,100.0,120.0,100.0,560.0,Sim
"1,90E+11",Campinas,18,M,1,parda,1,3,não_respondeu,,,1,1,1,1,577.4,614.5,573.9,677.5,Inglês,1.0,140.0,120.0,120.0,120.0,100.0,600.0,Sim
"1,90E+11",Campinas,17,M,1,branca,1,3,não_respondeu,,,1,1,1,1,415.8,383.3,540.9,599.3,Inglês,1.0,120.0,200.0,120.0,120.0,80.0,640.0,Sim
"1,90E+11",Campinas,16,F,1,branca,1,3,não_respondeu,,,1,1,1,1,600.5,608.8,621.7,628.6,Inglês,1.0,140.0,140.0,120.0,160.0,120.0,680.0,Sim
"1,90E+11",Campinas,17,F,1,parda,1,3,não_respondeu,,,1,1,1,1,50.2,531.1,510.1,55.7,Espanhol,1.0,140.0,120.0,120.0,140.0,120.0,640.0,Sim
"1,90E+11",Campinas,16,M,1,parda,1,3,não_respondeu,,,1,1,1,1,441.5,462.2,548.2,513.9,Inglês,1.0,100.0,40.0,40.0,60.0,0.0,240.0,Não
"1,90E+11",Campinas,17,M,1,branca,1,3,não_respondeu,,,1,1,1,1,591.3,594.3,594.8,762.4,Inglês,1.0,120.0,160.0,120.0,120.0,120.0,640.0,Sim
"1,90E+11",Campinas,16,F,1,branca,1,3,não_respondeu,,,1,1,1,1,528.9,460.3,484.7,375.1,Inglês,1.0,160.0,100.0,140.0,140.0,100.0,640.0,Sim
"1,90E+11",Campinas,16,M,1,branca,1,3,não_respondeu,,,1,1,1,1,587.1,425.6,572.2,505.8,Inglês,1.0,120.0,120.0,100.0,120.0,120.0,580.0,Sim
"1,90E+11",Campinas,17,M,1,branca,1,3,não_respondeu,,,1,1,1,1,43.7,444.7,474.9,454.7,Espanhol,1.0,100.0,120.0,100.0,100.0,100.0,520.0,Sim
"1,90E+11",Campinas,17,F,1,branca,1,3,não_respondeu,,,1,1,1,1,565.8,591.2,60.3,649.4,Inglês,1.0,120.0,200.0,140.0,120.0,60.0,640.0,Sim
"1,90E+11",Campinas,16,F,1,branca,1,3,não_respondeu,,,1,1,1,1,592.6,618.6,598.6,708.7,Inglês,1.0,120.0,120.0,160.0,200.0,160.0,760.0,Sim
"1,90E+11",Campinas,16,M,1,branca,1,3,não_respondeu,,,1,1,1,1,590.2,59.7,561.6,784.4,Inglês,1.0,120.0,140.0,140.0,120.0,120.0,640.0,Sim
"1,90E+11",Campinas,15,M,1,branca,1,3,não_respondeu,,,1,1,1,1,599.6,620.2,585.1,742.3,Inglês,1.0,160.0,200.0,140.0,180.0,160.0,840.0,Sim
"1,90E+11",Campinas,16,M,1,branca,1,3,não_respondeu,,,1,1,1,1,566.7,519.2,614.5,560.6,Inglês,1.0,120.0,120.0,120.0,100.0,0.0,460.0,Sim
"1,90E+11",Campinas,16,F,1,branca,1,3,não_respondeu,,,1,1,1,1,589.9,588.4,595.9,730.5,Inglês,1.0,160.0,200.0,180.0,160.0,200.0,900.0,Sim
"1,90E+11",Campinas,15,F,1,branca,1,3,não_respondeu,,,1,1,1,1,412.3,410.8,557.8,405.9,Inglês,1.0,140.0,180.0,160.0,160.0,140.0,780.0,Sim
"1,90E+11",Campinas,16,F,1,branca,1,3,não_respondeu,,,1,1,1,1,436.1,534.1,562.4,565.7,Espanhol,1.0,80.0,120.0,120.0,80.0,0.0,400.0,Sim
"1,90E+11",Campinas,17,M,1,branca,1,3,não_respondeu,,,1,1,1,1,579.1,595.8,586.4,733.8,Inglês,1.0,120.0,120.0,120.0,120.0,160.0,640.0,Sim
"1,90E+11",Campinas,16,F,1,branca,1,3,não_respondeu,,,1,1,1,1,538.1,584.8,582.9,521.4,Inglês,1.0,140.0,160.0,120.0,140.0,120.0,680.0,Sim
"1,90E+11",Campinas,17,M,1,branca,1,3,não_respondeu,,,1,1,1,1,595.6,573.8,581.4,69.9,Inglês,1.0,120.0,120.0,120.0,100.0,140.0,600.0,Sim
"1,90E+11",Campinas,16,M,1,branca,1,3,não_respondeu,,,1,1,1,1,61.0,565.3,601.1,66.3,Inglês,1.0,140.0,120.0,120.0,120.0,100.0,600.0,Sim
"1,90E+11",Campinas,17,M,1,preta,1,3,não_respondeu,,,1,1,1,1,397.5,40.6,380.1,404.3,Inglês,3.0,0.0,0.0,0.0,0.0,0.0,0.0,Não
"1,90E+11",Campinas,16,F,1,branca,1,3,não_respondeu,,,1,1,1,1,576.1,589.1,542.5,58.2,Inglês,1.0,120.0,120.0,100.0,100.0,140.0,580.0,Sim
"1,90E+11",Campinas,16,M,1,branca,1,3,não_respondeu,,,1,1,1,1,514.9,523.2,509.1,67.3,Inglês,1.0,140.0,120.0,120.0,140.0,60.0,580.0,Sim
"1,90E+11",Campinas,16,F,1,branca,1,3,não_respondeu,,,1,1,1,1,486.8,572.7,584.9,571.4,Inglês,1.0,120.0,180.0,120.0,100.0,80.0,600.0,Sim
"1,90E+11",Campinas,18,M,1,parda,1,3,não_respondeu,,,1,1,1,1,461.8,465.5,505.3,610.3,Inglês,1.0,140.0,120.0,120.0,120.0,100.0,600.0,Sim
"1,90E+11",Campinas,17,F,1,branca,1,3,não_respondeu,,,1,1,1,1,631.8,621.2,625.2,692.3,Inglês,1.0,160.0,200.0,160.0,140.0,140.0,800.0,Sim
"1,90E+11",Campinas,17,F,1,branca,1,3,não_respondeu,,,1,1,1,1,485.6,519.9,543.6,486.5,Inglês,1.0,120.0,120.0,80.0,100.0,60.0,480.0,Sim
"1,90E+11",Campinas,16,F,1,branca,1,3,não_respondeu,,,1,1,1,1,479.4,438.6,494.6,469.7,Inglês,1.0,120.0,120.0,120.0,120.0,40.0,520.0,Sim
"1,90E+11",Campinas,17,M,1,branca,1,3,não_respondeu,,,1,1,1,1,41.8,408.6,519.4,570.4,Inglês,1.0,80.0,120.0,120.0,180.0,140.0,640.0,Sim
"1,90E+11",Campinas,16,M,1,parda,1,3,não_respondeu,,,1,1,1,1,495.5,529.8,491.4,451.2,Espanhol,1.0,120.0,120.0,120.0,80.0,120.0,560.0,Sim
"1,90E+11",Campinas,17,F,1,branca,1,3,não_respondeu,,,1,1,1,1,456.5,546.9,465.7,642.6,Espanhol,1.0,120.0,180.0,140.0,180.0,160.0,780.0,Sim
"1,90E+11",Campinas,16,M,1,branca,1,3,não_respondeu,,,1,1,1,1,566.8,592.5,54.8,685.1,Inglês,1.0,120.0,120.0,100.0,120.0,120.0,580.0,Sim
"1,90E+11",Campinas,16,M,1,amarela,1,3,não_respondeu,,,1,1,1,1,368.3,489.4,565.2,497.8,Inglês,1.0,100.0,80.0,60.0,100.0,60.0,400.0,Sim
"1,90E+11",Campinas,17,F,1,branca,1,3,não_respondeu,,,1,1,1,1,389.3,332.5,364.1,416.4,Inglês,1.0,120.0,120.0,100.0,100.0,0.0,440.0,Sim
"1,90E+11",Campinas,16,F,0,branca,1,3,não_respondeu,,,1,1,1,1,514.7,578.1,590.9,567.8,Inglês,1.0,160.0,100.0,120.0,160.0,160.0,700.0,Sim
"1,90E+11",Campinas,17,F,1,branca,1,3,não_respondeu,,,1,1,1,1,525.7,511.6,549.3,418.2,Inglês,1.0,100.0,120.0,100.0,80.0,80.0,480.0,Sim
"1,90E+11",Campinas,15,F,1,branca,1,3,não_respondeu,,,1,1,1,1,586.1,57.0,595.6,673.3,Inglês,1.0,160.0,120.0,120.0,120.0,140.0,660.0,Sim
"1,90E+11",Campinas,16,F,1,branca,1,3,não_respondeu,,,1,1,1,1,353.2,50.8,518.3,505.7,Espanhol,1.0,120.0,120.0,100.0,120.0,40.0,500.0,Sim
"1,90E+11",Campinas,16,F,1,parda,1,3,não_respondeu,,,1,1,1,1,518.3,515.8,492.9,48.3,Inglês,1.0,140.0,120.0,100.0,120.0,140.0,620.0,Não
"1,90E+11",Campinas,17,M,1,branca,1,3,não_respondeu,,,1,1,1,1,588.5,598.9,618.9,689.6,Inglês,1.0,160.0,120.0,140.0,160.0,140.0,720.0,Sim
"1,90E+11",Campinas,16,M,1,branca,1,3,não_respondeu,,,1,1,1,1,572.2,583.9,557.6,68.9,Inglês,1.0,140.0,120.0,140.0,160.0,160.0,720.0,Sim
"1,90E+11",Campinas,15,F,1,branca,1,3,não_respondeu,,,1,1,1,1,45.2,461.9,497.8,43.5,Inglês,1.0,100.0,120.0,80.0,80.0,80.0,460.0,Sim
"1,90E+11",Campinas,16,F,1,parda,1,3,não_respondeu,,,1,1,1,1,569.3,576.4,59.1,510.7,Inglês,1.0,160.0,120.0,160.0,160.0,100.0,700.0,Sim
"1,90E+11",Campinas,16,M,1,branca,1,3,não_respondeu,,,1,1,1,1,456.5,374.2,465.4,672.4,Inglês,1.0,160.0,120.0,120.0,120.0,120.0,640.0,Sim
"1,90E+11",Campinas,18,M,1,branca,1,3,não_respondeu,,,1,1,1,1,489.3,50.1,535.7,602.6,Espanhol,1.0,100.0,120.0,120.0,120.0,120.0,580.0,Sim
"1,90E+11",Campinas,16,F,1,branca,1,3,não_respondeu,,,1,1,1,1,601.3,611.1,627.9,73.7,Inglês,1.0,160.0,100.0,160.0,160.0,140.0,720.0,Sim
"1,90E+11",Campinas,16,M,1,branca,1,3,não_respondeu,,,1,1,1,1,598.7,563.6,569.3,486.7,Inglês,1.0,160.0,120.0,140.0,200.0,160.0,780.0,Sim
"1,90E+11",Campinas,16,F,1,branca,1,3,não_respondeu,,,1,1,1,1,496.1,494.6,552.9,580.4,Inglês,1.0,160.0,200.0,140.0,160.0,140.0,800.0,Sim
"1,90E+11",Campinas,16,F,1,branca,1,3,não_respondeu,,,1,1,1,1,516.4,571.4,564.6,611.2,Inglês,1.0,160.0,200.0,200.0,200.0,180.0,940.0,Sim
"1,90E+11",Campinas,17,M,1,branca,1,3,não_respondeu,,,1,1,1,1,523.3,575.9,604.7,648.4,Inglês,1.0,140.0,120.0,120.0,120.0,20.0,520.0,Sim
"1,90E+11",Campinas,17,M,1,branca,1,3,não_respondeu,,,1,1,1,1,441.9,514.2,516.4,462.2,Espanhol,1.0,100.0,100.0,80.0,80.0,100.0,460.0,Sim
"1,90E+11",Campinas,17,M,1,branca,1,3,não_respondeu,,,1,1,1,1,611.2,637.9,625.8,765.1,Inglês,1.0,180.0,200.0,180.0,180.0,200.0,940.0,Sim
"1,90E+11",Campinas,15,F,1,parda,1,3,não_respondeu,,,1,1,1,1,504.4,602.4,597.7,642.2,Inglês,1.0,140.0,120.0,160.0,160.0,160.0,740.0,Sim
"1,90E+11",Campinas,16,F,1,nao_declarado,1,3,não_respondeu,,,1,1,1,1,607.8,639.5,624.4,789.2,Inglês,1.0,180.0,200.0,160.0,200.0,200.0,940.0,Sim
"1,90E+11",Campinas,17,F,1,branca,1,3,não_respondeu,,,1,1,1,1,526.7,533.8,578.7,531.5,Inglês,1.0,160.0,120.0,160.0,120.0,200.0,760.0,Sim
"1,90E+11",Campinas,16,M,1,branca,1,3,não_respondeu,,,1,1,1,1,590.5,593.9,58.7,63.0,Inglês,1.0,100.0,140.0,160.0,120.0,80.0,600.0,Sim
"1,90E+11",Campinas,17,M,1,branca,1,3,não_respondeu,,,1,1,1,1,595.6,591.4,565.2,681.8,Inglês,1.0,120.0,120.0,120.0,180.0,120.0,660.0,Sim
"1,90E+11",Campinas,16,M,1,branca,1,3,não_respondeu,,,1,1,1,1,669.6,657.1,621.8,820.5,Inglês,1.0,120.0,180.0,120.0,120.0,180.0,720.0,Sim
"1,90E+11",Campinas,17,F,1,branca,1,3,não_respondeu,,,1,1,1,1,481.1,547.5,552.7,404.5,Espanhol,1.0,120.0,120.0,120.0,120.0,100.0,580.0,Sim
"1,90E+11",Campinas,16,F,1,branca,1,3,não_respondeu,,,1,1,1,1,50.2,558.4,550.6,506.6,Inglês,1.0,120.0,160.0,120.0,120.0,160.0,680.0,Sim
"1,90E+11",Campinas,17,M,1,preta,1,3,não_respondeu,,,1,1,1,1,590.5,598.2,539.9,55.9,Espanhol,1.0,80.0,100.0,80.0,100.0,40.0,400.0,Sim
"1,90E+11",Campinas,17,M,1,branca,1,3,não_respondeu,,,1,1,1,1,571.2,595.8,605.5,745.3,Inglês,1.0,160.0,200.0,180.0,200.0,140.0,880.0,Sim
"1,90E+11",Campinas,16,F,1,nao_declarado,1,3,não_respondeu,,,1,1,1,1,541.3,560.2,55.0,655.1,Espanhol,1.0,120.0,140.0,140.0,160.0,140.0,700.0,Sim
"1,90E+11",Campinas,16,M,1,branca,1,3,não_respondeu,,,1,1,1,1,617.5,573.8,598.7,639.3,Inglês,1.0,120.0,120.0,120.0,120.0,120.0,600.0,Sim
"1,90E+11",Campinas,16,M,1,parda,1,3,não_respondeu,,,1,1,1,1,413.1,499.5,474.9,511.7,Espanhol,1.0,120.0,120.0,100.0,120.0,80.0,540.0,Sim
"1,90E+11",Campinas,16,F,1,nao_declarado,3,3,não_respondeu,,,1,1,1,1,410.1,410.2,506.9,483.6,Inglês,1.0,120.0,100.0,120.0,120.0,80.0,540.0,Sim
"1,90E+11",Campinas,16,F,1,branca,1,3,não_respondeu,,,1,1,1,1,453.4,396.5,562.8,454.7,Inglês,1.0,120.0,120.0,120.0,140.0,140.0,640.0,Sim
"1,90E+11",Campinas,17,F,1,amarela,1,3,não_respondeu,,,1,1,1,1,513.2,560.2,573.1,697.3,Inglês,1.0,160.0,120.0,140.0,140.0,120.0,680.0,Sim
"1,90E+11",Campinas,16,F,1,branca,1,3,não_respondeu,,,1,1,1,1,486.8,551.3,552.2,484.8,Inglês,1.0,120.0,120.0,120.0,100.0,100.0,560.0,Sim
"1,90E+11",Campinas,16,F,1,branca,1,3,não_respondeu,,,1,1,1,1,46.5,499.3,496.8,487.4,Espanhol,1.0,120.0,120.0,120.0,120.0,140.0,620.0,Sim
"1,90E+11",Campinas,16,M,1,branca,1,3,não_respondeu,,,1,1,1,1,538.4,610.3,594.3,685.4,Inglês,1.0,140.0,180.0,140.0,120.0,140.0,720.0,Sim
"1,90E+11",Campinas,17,M,1,branca,1,3,não_respondeu,,,1,1,1,1,463.9,548.2,476.2,413.7,Inglês,1.0,120.0,120.0,120.0,100.0,120.0,580.0,Sim
"1,90E+11",Campinas,17,M,1,branca,1,3,não_respondeu,,,1,1,1,1,530.3,604.6,543.3,689.9,Inglês,1.0,160.0,180.0,120.0,140.0,120.0,720.0,Sim
"1,90E+11",Campinas,16,F,1,parda,1,3,não_respondeu,,,1,1,1,1,420.1,51.7,523.4,506.8,Espanhol,1.0,140.0,120.0,120.0,120.0,80.0,580.0,Sim
"1,90E+11",Campinas,16,F,1,branca,1,3,não_respondeu,,,1,1,1,1,556.8,599.9,570.8,690.1,Inglês,1.0,120.0,120.0,120.0,120.0,140.0,620.0,Sim
"1,90E+11",Campinas,17,F,1,branca,1,3,não_respondeu,,,1,1,1,1,474.9,531.3,591.6,530.1,Inglês,1.0,140.0,120.0,120.0,100.0,140.0,620.0,Sim
"1,90E+11",Campinas,17,M,1,branca,1,3,não_respondeu,,,1,1,1,1,454.9,573.5,595.6,646.3,Inglês,1.0,160.0,200.0,160.0,120.0,160.0,800.0,Sim
"1,90E+11",Campinas,17,F,1,parda,1,3,não_respondeu,,,1,1,1,1,372.2,435.8,486.6,581.4,Inglês,1.0,140.0,120.0,120.0,120.0,80.0,580.0,Não
"1,90E+11",Campinas,17,M,1,branca,1,3,não_respondeu,,,1,1,1,1,589.2,643.9,60.2,77.5,Inglês,1.0,160.0,160.0,180.0,160.0,140.0,800.0,Sim
"1,90E+11",Campinas,16,F,1,branca,1,3,não_respondeu,,,1,1,1,1,515.1,450.1,595.3,59.4,Inglês,1.0,160.0,200.0,160.0,180.0,160.0,860.0,Sim
"1,90E+11",Campinas,16,M,1,parda,1,3,não_respondeu,,,1,1,1,1,623.1,574.8,640.9,739.9,Inglês,1.0,140.0,120.0,140.0,180.0,160.0,740.0,Sim
"1,90E+11",Campinas,16,M,1,branca,1,3,não_respondeu,,,1,1,1,1,569.6,655.4,589.4,72.8,Inglês,1.0,140.0,160.0,140.0,160.0,160.0,760.0,Sim
"1,90E+11",Campinas,17,M,1,branca,1,3,não_respondeu,,,1,1,1,1,507.2,599.9,579.9,695.2,Inglês,1.0,120.0,200.0,120.0,120.0,200.0,760.0,Sim
"1,90E+11",Campinas,17,M,1,branca,1,3,não_respondeu,,,1,1,1,1,44.0,57.7,591.7,639.4,Inglês,1.0,120.0,140.0,120.0,100.0,100.0,580.0,Sim
"1,90E+11",Campinas,16,F,1,branca,1,3,não_respondeu,,,1,1,1,1,62.4,619.7,577.3,806.7,Inglês,1.0,180.0,120.0,180.0,200.0,200.0,880.0,Sim
"1,90E+11",Campinas,17,M,1,branca,1,3,não_respondeu,,,1,1,1,1,571.7,543.9,591.7,676.2,Inglês,1.0,160.0,120.0,180.0,180.0,200.0,840.0,Sim
"1,90E+11",Campinas,15,F,1,branca,1,3,não_respondeu,,,1,1,1,1,547.6,605.2,571.2,687.5,Inglês,1.0,120.0,100.0,120.0,100.0,40.0,480.0,Sim
"1,90E+11",Campinas,16,M,1,parda,1,3,não_respondeu,,,1,1,1,1,607.5,592.1,569.3,737.6,Inglês,1.0,120.0,120.0,80.0,140.0,120.0,580.0,Sim
"1,90E+11",Campinas,16,M,1,branca,1,3,não_respondeu,,,1,1,1,1,637.9,639.4,586.4,701.2,Inglês,1.0,160.0,180.0,160.0,180.0,200.0,880.0,Sim
"1,90E+11",Campinas,17,F,1,branca,1,3,não_respondeu,,,1,1,1,1,62.6,652.9,622.1,703.2,Inglês,1.0,160.0,200.0,200.0,200.0,200.0,960.0,Sim
"1,90E+11",Campinas,16,F,1,parda,1,3,não_respondeu,,,1,1,1,1,498.4,581.1,574.4,582.6,Inglês,1.0,120.0,120.0,120.0,120.0,100.0,580.0,Sim
"1,90E+11",Campinas,16,M,1,branca,1,3,não_respondeu,,,1,1,1,1,591.3,600.5,558.8,694.5,Inglês,1.0,140.0,120.0,120.0,100.0,100.0,580.0,Sim
"1,90E+11",Campinas,17,F,1,preta,1,3,não_respondeu,,,1,1,1,1,534.9,628.4,569.4,535.8,Inglês,1.0,140.0,120.0,120.0,120.0,100.0,600.0,Sim
"1,90E+11",Campinas,16,F,1,branca,1,3,não_respondeu,,,1,1,1,1,458.2,501.9,484.3,635.8,Espanhol,1.0,120.0,80.0,100.0,120.0,0.0,420.0,Sim
"1,90E+11",Campinas,16,M,1,branca,1,3,não_respondeu,,,1,1,1,1,537.2,574.3,552.3,708.9,Inglês,1.0,120.0,120.0,120.0,120.0,100.0,580.0,Sim
"1,90E+11",Campinas,16,F,1,branca,1,3,não_respondeu,,,1,1,1,1,53.5,516.3,514.1,589.3,Inglês,1.0,160.0,120.0,120.0,140.0,140.0,680.0,Sim
"1,90E+11",Campinas,16,F,1,branca,1,3,não_respondeu,,,1,1,1,1,370.3,393.4,567.4,665.2,Inglês,1.0,120.0,120.0,120.0,120.0,140.0,620.0,Sim
"1,90E+11",Campinas,16,M,0,branca,1,3,não_respondeu,,,1,1,1,1,583.7,64.6,591.4,636.9,Inglês,1.0,120.0,120.0,120.0,120.0,120.0,600.0,Sim
"1,90E+11",Campinas,17,F,1,branca,1,3,não_respondeu,,,1,1,1,1,423.2,584.6,535.1,611.6,Inglês,1.0,160.0,120.0,120.0,120.0,80.0,600.0,Sim
"1,90E+11",Campinas,15,M,1,branca,1,3,não_respondeu,,,1,1,1,1,49.2,585.7,536.9,500.4,Inglês,1.0,120.0,120.0,120.0,120.0,80.0,560.0,Sim
"1,90E+11",Campinas,17,F,1,branca,1,3,não_respondeu,,,1,1,1,1,587.7,594.2,543.6,688.8,Inglês,1.0,180.0,200.0,160.0,200.0,180.0,920.0,Sim
"1,90E+11",Campinas,16,F,1,branca,1,3,não_respondeu,,,1,1,1,1,610.1,634.6,571.7,747.9,Inglês,1.0,120.0,120.0,120.0,120.0,140.0,620.0,Sim
"1,90E+11",Campinas,16,M,1,parda,1,3,não_respondeu,,,1,1,1,1,537.2,585.5,500.4,546.7,Inglês,1.0,160.0,80.0,120.0,100.0,60.0,520.0,Sim
"1,90E+11",Campinas,16,F,1,branca,1,3,não_respondeu,,,1,1,1,1,533.6,60.3,622.1,761.9,Inglês,1.0,160.0,140.0,180.0,180.0,200.0,860.0,Sim
"1,90E+11",Campinas,16,F,1,parda,1,3,não_respondeu,,,1,1,1,1,377.3,477.1,50.3,420.6,Inglês,1.0,100.0,120.0,100.0,100.0,100.0,520.0,Sim
"1,90E+11",Campinas,17,M,1,branca,1,3,não_respondeu,,,1,1,1,1,58.0,639.9,60.7,842.9,Inglês,1.0,120.0,200.0,140.0,120.0,140.0,720.0,Sim
"1,90E+11",Campinas,16,M,1,preta,1,3,não_respondeu,,,1,1,1,1,621.9,599.6,569.7,537.8,Inglês,1.0,160.0,120.0,140.0,180.0,160.0,760.0,Sim
"1,90E+11",Campinas,16,F,1,branca,1,3,não_respondeu,,,1,1,1,1,519.7,529.2,57.2,646.1,Inglês,1.0,140.0,120.0,140.0,140.0,120.0,660.0,Sim
"1,90E+11",Campinas,16,F,1,branca,1,3,não_respondeu,,,1,1,1,1,531.1,564.8,573.7,641.8,Inglês,1.0,120.0,120.0,160.0,160.0,200.0,760.0,Sim
"1,90E+11",Campinas,16,F,1,branca,1,3,não_respondeu,,,1,1,1,1,579.3,602.9,592.2,796.5,Inglês,1.0,140.0,120.0,120.0,140.0,60.0,580.0,Sim
"1,90E+11",Campinas,16,M,1,branca,1,3,não_respondeu,,,1,1,1,1,560.5,644.9,618.9,646.3,Inglês,1.0,160.0,120.0,120.0,120.0,0.0,520.0,Sim
"1,90E+11",Campinas,17,F,1,parda,1,3,não_respondeu,,,1,1,1,1,565.5,603.3,620.9,691.9,Inglês,1.0,160.0,180.0,200.0,200.0,100.0,840.0,Sim
"1,90E+11",Campinas,16,F,1,branca,1,3,não_respondeu,,,1,1,1,1,48.9,548.1,520.8,626.8,Inglês,1.0,120.0,120.0,120.0,80.0,100.0,540.0,Sim
"1,90E+11",Campinas,16,M,1,branca,1,3,não_respondeu,,,1,1,1,1,613.7,672.2,622.7,709.8,Inglês,1.0,160.0,200.0,200.0,160.0,180.0,900.0,Sim
"1,90E+11",Campinas,16,F,1,parda,2,3,não_respondeu,,,1,1,1,1,465.1,553.2,598.5,507.4,Inglês,1.0,140.0,120.0,120.0,140.0,120.0,640.0,Sim
"1,90E+11",Campinas,17,F,1,branca,1,3,não_respondeu,,,1,1,1,1,491.7,41.1,534.4,56.5,Inglês,1.0,120.0,120.0,120.0,140.0,140.0,640.0,Sim
"1,90E+11",Campinas,17,F,0,branca,1,3,não_respondeu,,,1,1,1,1,483.2,459.9,558.1,420.3,Inglês,1.0,120.0,120.0,120.0,120.0,80.0,560.0,Sim
"1,90E+11",Campinas,16,F,1,nao_declarado,1,3,não_respondeu,,,1,1,1,1,497.1,503.9,533.1,573.8,Inglês,1.0,120.0,120.0,80.0,80.0,0.0,400.0,Sim
"1,90E+11",Campinas,17,M,1,branca,1,3,não_respondeu,,,1,1,1,1,61.6,664.8,631.1,737.2,Inglês,1.0,160.0,160.0,160.0,160.0,160.0,800.0,Sim
"1,90E+11",Campinas,16,F,1,branca,1,3,não_respondeu,,,1,1,1,1,457.5,576.2,559.4,438.9,Inglês,1.0,160.0,160.0,160.0,160.0,140.0,780.0,Sim
"1,90E+11",Campinas,16,F,1,parda,1,3,não_respondeu,,,1,1,1,1,549.4,530.1,549.9,57.5,Inglês,1.0,160.0,180.0,160.0,160.0,40.0,700.0,Sim
"1,90E+11",Campinas,17,M,1,parda,1,3,não_respondeu,,,1,1,1,1,46.1,428.5,479.8,409.3,Espanhol,1.0,100.0,120.0,80.0,100.0,40.0,440.0,Sim
"1,90E+11",Campinas,17,F,1,branca,1,3,não_respondeu,,,1,1,1,1,457.2,494.5,509.2,533.7,Espanhol,1.0,140.0,100.0,120.0,140.0,140.0,640.0,Sim
"1,90E+11",Campinas,16,M,1,branca,1,3,não_respondeu,,,1,1,1,1,473.4,451.5,579.6,712.8,Inglês,1.0,120.0,40.0,40.0,120.0,20.0,340.0,Sim
"1,90E+11",Campinas,16,M,1,branca,1,3,não_respondeu,,,1,1,1,1,62.4,667.1,614.1,892.7,Inglês,1.0,140.0,140.0,80.0,140.0,100.0,600.0,Sim
"1,90E+11",Campinas,16,F,1,branca,1,3,não_respondeu,,,1,1,1,1,566.6,578.3,558.6,586.3,Inglês,1.0,140.0,120.0,140.0,120.0,40.0,560.0,Sim
"1,90E+11",Campinas,15,M,0,branca,1,3,não_respondeu,,,1,1,1,1,513.3,573.4,570.4,669.3,Inglês,1.0,120.0,120.0,100.0,140.0,120.0,600.0,Sim
"1,90E+11",Campinas,16,F,1,branca,1,3,não_respondeu,,,1,1,1,1,495.4,540.4,56.9,541.6,Inglês,1.0,120.0,120.0,120.0,100.0,140.0,600.0,Sim
"1,90E+11",Campinas,16,M,1,branca,1,3,não_respondeu,,,1,1,1,1,484.7,547.3,535.8,629.1,Inglês,1.0,140.0,140.0,140.0,120.0,180.0,720.0,Sim
"1,90E+11",Campinas,16,F,1,branca,1,3,não_respondeu,,,1,1,1,1,579.1,651.1,613.8,606.3,Inglês,1.0,160.0,140.0,180.0,200.0,200.0,880.0,Sim
"1,90E+11",Campinas,17,F,0,parda,1,3,não_respondeu,,,1,1,1,1,37.5,49.0,497.8,529.5,Inglês,4.0,0.0,0.0,0.0,0.0,0.0,0.0,Não
"1,90E+11",Campinas,16,M,1,branca,1,3,não_respondeu,,,1,1,1,1,710.6,677.2,622.6,796.7,Inglês,1.0,200.0,120.0,160.0,180.0,100.0,760.0,Sim
"1,90E+11",Campinas,17,F,1,branca,1,3,não_respondeu,,,1,1,1,1,565.8,555.2,582.5,706.7,Inglês,1.0,140.0,120.0,160.0,120.0,120.0,660.0,Sim
"1,90E+11",Campinas,17,F,1,branca,1,3,não_respondeu,,,1,1,1,1,513.4,582.3,576.1,661.5,Inglês,1.0,160.0,200.0,160.0,160.0,160.0,840.0,Sim
"1,90E+11",Campinas,17,M,1,nao_declarado,1,3,não_respondeu,,,1,1,1,1,583.1,560.2,566.8,716.7,Espanhol,1.0,120.0,120.0,140.0,120.0,180.0,680.0,Sim
"1,90E+11",Campinas,16,M,1,branca,1,3,não_respondeu,,,1,1,1,1,555.2,551.2,527.7,688.8,Inglês,1.0,160.0,120.0,160.0,180.0,140.0,760.0,Sim
"1,90E+11",Campinas,17,F,1,parda,1,3,não_respondeu,,,1,1,1,1,534.1,528.4,547.8,545.6,Espanhol,1.0,120.0,120.0,120.0,120.0,40.0,520.0,Sim
"1,90E+11",Campinas,16,M,1,branca,1,3,não_respondeu,,,1,1,1,1,632.5,646.7,58.9,699.9,Inglês,1.0,120.0,140.0,120.0,160.0,120.0,660.0,Sim
"1,90E+11",Campinas,16,F,1,branca,1,3,não_respondeu,,,1,1,1,1,567.2,565.9,625.6,751.2,Inglês,1.0,160.0,160.0,160.0,120.0,160.0,760.0,Sim
"1,90E+11",Campinas,17,F,1,branca,1,3,não_respondeu,,,1,1,1,1,484.7,601.9,599.9,69.1,Inglês,1.0,160.0,160.0,180.0,160.0,120.0,780.0,Sim
"1,90E+11",Campinas,17,F,1,parda,1,3,não_respondeu,,,1,1,1,1,48.4,576.4,581.6,445.3,Inglês,1.0,120.0,120.0,120.0,120.0,80.0,560.0,Sim
"1,90E+11",Campinas,17,F,1,branca,1,3,não_respondeu,,,1,1,1,1,542.1,61.8,565.3,759.6,Inglês,1.0,160.0,200.0,180.0,180.0,200.0,920.0,Sim
"1,90E+11",Campinas,17,M,1,branca,1,3,não_respondeu,,,1,1,1,1,607.1,607.6,593.9,732.1,Inglês,1.0,160.0,200.0,140.0,160.0,100.0,760.0,Sim
"1,90E+11",Campinas,17,M,1,branca,1,3,não_respondeu,,,1,1,1,1,626.5,641.7,602.9,643.6,Inglês,1.0,120.0,120.0,140.0,160.0,200.0,740.0,Sim
"1,90E+11",Campinas,15,M,1,branca,1,3,não_respondeu,,,1,1,1,1,565.6,583.1,55.1,494.5,Inglês,1.0,120.0,120.0,120.0,120.0,180.0,660.0,Sim
"1,90E+11",Campinas,17,M,1,branca,1,3,não_respondeu,,,1,1,1,1,576.8,571.6,588.1,53.8,Inglês,1.0,120.0,120.0,120.0,140.0,80.0,580.0,Sim
"1,90E+11",Campinas,16,F,1,branca,1,3,não_respondeu,,,1,1,1,1,490.1,568.3,545.8,479.9,Inglês,1.0,160.0,120.0,120.0,120.0,140.0,660.0,Sim
"1,90E+11",Campinas,16,F,1,branca,1,3,não_respondeu,,,1,1,1,1,506.7,546.6,562.5,513.4,Inglês,1.0,120.0,120.0,100.0,120.0,140.0,600.0,Sim
"1,90E+11",Campinas,16,F,1,parda,1,3,não_respondeu,,,1,1,1,1,448.5,473.3,539.5,532.8,Espanhol,1.0,120.0,120.0,120.0,120.0,0.0,480.0,Sim
"1,90E+11",Campinas,16,F,1,branca,1,3,não_respondeu,,,1,1,1,1,491.4,557.2,570.7,491.9,Inglês,1.0,120.0,120.0,120.0,120.0,40.0,520.0,Sim
"1,90E+11",Campinas,17,F,1,branca,1,3,não_respondeu,,,1,1,1,1,57.8,562.7,615.1,617.2,Inglês,1.0,160.0,200.0,200.0,200.0,140.0,900.0,Sim
"1,90E+11",Campinas,16,M,1,branca,1,3,não_respondeu,,,1,1,1,1,611.2,636.3,593.1,756.3,Inglês,1.0,120.0,120.0,120.0,120.0,120.0,600.0,Sim
"1,90E+11",Campinas,18,F,1,parda,1,3,não_respondeu,,,1,1,1,1,538.7,583.6,559.4,608.8,Espanhol,1.0,120.0,120.0,120.0,120.0,100.0,580.0,Sim
"1,90E+11",Campinas,16,M,1,branca,1,3,não_respondeu,,,1,1,1,1,464.6,544.1,57.0,541.4,Inglês,1.0,80.0,120.0,100.0,80.0,80.0,460.0,Sim
"1,90E+11",Campinas,16,M,1,branca,1,3,não_respondeu,,,1,1,1,1,488.4,476.1,553.7,530.9,Inglês,1.0,120.0,160.0,120.0,140.0,120.0,660.0,Sim
"1,90E+11",Campinas,16,M,1,branca,1,3,não_respondeu,,,1,1,1,1,578.7,644.3,603.5,773.3,Inglês,1.0,160.0,200.0,180.0,160.0,140.0,840.0,Sim
"1,90E+11",Campinas,16,F,1,branca,1,3,não_respondeu,,,1,1,1,1,475.9,559.1,594.1,464.6,Inglês,1.0,120.0,120.0,120.0,120.0,40.0,520.0,Sim
"1,90E+11",Campinas,16,M,1,branca,1,3,não_respondeu,,,1,1,1,1,529.4,60.1,586.6,637.4,Inglês,1.0,160.0,180.0,160.0,120.0,120.0,740.0,Sim
"1,90E+11",Campinas,16,F,1,branca,2,3,não_respondeu,,,1,1,1,1,439.4,326.4,501.6,515.8,Espanhol,1.0,120.0,120.0,100.0,100.0,80.0,520.0,Sim
"1,90E+11",Campinas,17,F,1,branca,1,3,não_respondeu,,,1,1,1,1,575.5,589.9,572.2,564.1,Inglês,1.0,160.0,200.0,160.0,160.0,180.0,860.0,Sim
"1,90E+11",Campinas,16,F,1,branca,1,3,não_respondeu,,,1,1,1,1,503.1,629.5,56.3,648.2,Inglês,1.0,120.0,120.0,120.0,120.0,140.0,620.0,Sim
"1,90E+11",Campinas,16,F,1,branca,1,3,não_respondeu,,,1,1,1,1,481.9,561.7,551.9,513.1,Inglês,1.0,120.0,120.0,140.0,180.0,160.0,720.0,Sim
"1,90E+11",Campinas,16,M,1,branca,1,3,não_respondeu,,,1,1,1,1,542.6,58.4,58.4,731.2,Inglês,1.0,120.0,120.0,160.0,120.0,140.0,660.0,Sim
"1,90E+11",Campinas,17,F,1,branca,1,3,não_respondeu,,,1,1,1,1,589.3,578.3,579.2,664.2,Inglês,1.0,140.0,120.0,140.0,140.0,120.0,660.0,Sim
"1,90E+11",Campinas,17,F,1,branca,1,3,não_respondeu,,,1,1,1,1,540.3,57.4,553.4,589.8,Inglês,1.0,140.0,120.0,120.0,120.0,100.0,600.0,Sim
"1,90E+11",Campinas,17,F,1,parda,1,3,não_respondeu,,,1,1,1,1,454.4,512.3,519.3,498.7,Inglês,1.0,120.0,180.0,100.0,120.0,120.0,640.0,Sim
"1,90E+11",Campinas,17,M,1,branca,1,3,não_respondeu,,,1,1,1,1,385.3,495.1,476.1,421.1,Inglês,1.0,120.0,100.0,120.0,120.0,0.0,460.0,Sim
"1,90E+11",Campinas,16,F,1,branca,1,3,não_respondeu,,,1,1,1,1,560.4,533.8,566.7,585.3,Inglês,1.0,120.0,120.0,140.0,140.0,140.0,660.0,Sim
"1,90E+11",Campinas,17,F,0,branca,1,3,não_respondeu,,,1,1,1,1,411.2,572.7,569.8,434.7,Inglês,1.0,120.0,120.0,140.0,120.0,140.0,640.0,Sim
"1,90E+11",Campinas,17,F,1,branca,1,3,não_respondeu,,,1,1,1,1,538.5,513.4,566.4,56.6,Inglês,1.0,140.0,120.0,120.0,140.0,120.0,640.0,Sim
"1,90E+11",Campinas,16,F,1,branca,1,3,não_respondeu,,,1,1,1,1,538.7,46.7,533.7,431.6,Inglês,1.0,100.0,120.0,100.0,120.0,80.0,520.0,Sim
"1,90E+11",Campinas,16,F,1,branca,1,3,não_respondeu,,,1,1,1,1,568.5,608.9,598.4,659.6,Inglês,1.0,160.0,120.0,160.0,200.0,160.0,800.0,Sim
"1,90E+11",Campinas,16,M,1,branca,1,3,não_respondeu,,,1,1,1,1,481.3,539.7,560.3,637.6,Inglês,1.0,160.0,120.0,140.0,120.0,0.0,540.0,Sim
"1,90E+11",Campinas,16,F,1,branca,1,3,não_respondeu,,,1,1,1,1,518.7,536.9,552.3,481.7,Espanhol,1.0,140.0,120.0,120.0,120.0,80.0,580.0,Sim
"1,90E+11",Campinas,17,F,1,branca,1,3,não_respondeu,,,1,1,1,1,621.1,578.1,624.8,727.8,Inglês,1.0,180.0,120.0,160.0,160.0,120.0,740.0,Sim
"1,90E+11",Campinas,16,F,1,branca,1,3,não_respondeu,,,1,1,1,1,537.3,599.4,583.8,627.2,Inglês,1.0,160.0,120.0,140.0,140.0,120.0,680.0,Sim
"1,90E+11",Campinas,16,F,1,branca,1,3,não_respondeu,,,1,1,1,1,466.8,548.6,559.7,633.9,Inglês,1.0,160.0,120.0,160.0,140.0,100.0,680.0,Sim
"1,90E+11",Campinas,16,F,1,nao_declarado,1,3,não_respondeu,,,1,1,1,1,595.9,650.7,622.4,768.3,Inglês,1.0,160.0,200.0,180.0,140.0,160.0,840.0,Sim
"1,90E+11",Campinas,16,F,1,branca,1,3,não_respondeu,,,1,1,1,1,43.5,552.7,531.2,505.7,Inglês,1.0,120.0,120.0,140.0,140.0,140.0,660.0,Sim
"1,90E+11",Campinas,17,F,1,branca,1,3,não_respondeu,,,1,1,1,1,604.3,619.4,608.1,665.1,Inglês,1.0,180.0,120.0,140.0,160.0,140.0,740.0,Sim
"1,90E+11",Campinas,17,F,1,branca,1,3,não_respondeu,,,1,1,1,1,572.4,606.3,580.4,516.9,Inglês,1.0,140.0,120.0,160.0,140.0,120.0,680.0,Sim
"1,90E+11",Campinas,17,F,1,amarela,1,3,não_respondeu,,,1,1,1,1,514.5,531.5,543.6,591.5,Inglês,1.0,120.0,120.0,160.0,120.0,120.0,640.0,Sim
"1,90E+11",Campinas,16,M,1,branca,1,3,não_respondeu,,,1,1,1,1,362.4,543.4,588.4,61.1,Inglês,1.0,120.0,120.0,140.0,140.0,120.0,640.0,Sim
"1,90E+11",Campinas,16,F,1,branca,1,3,não_respondeu,,,1,1,1,1,565.5,620.6,592.9,753.2,Inglês,1.0,160.0,200.0,180.0,200.0,160.0,900.0,Sim
"1,90E+11",Campinas,17,F,1,branca,1,3,não_respondeu,,,1,1,1,1,540.1,541.1,547.2,488.3,Inglês,1.0,160.0,120.0,120.0,140.0,120.0,660.0,Sim
"1,90E+11",Campinas,16,F,1,amarela,4,3,não_respondeu,,,1,1,1,1,578.8,583.5,566.1,573.8,Inglês,1.0,140.0,120.0,120.0,160.0,160.0,700.0,Sim
"1,90E+11",Campinas,16,M,1,amarela,1,3,não_respondeu,,,1,1,1,1,564.9,569.3,570.3,66.0,Inglês,1.0,100.0,120.0,120.0,120.0,100.0,560.0,Sim
"1,90E+11",Campinas,17,M,1,branca,1,3,não_respondeu,,,1,1,1,1,63.6,605.5,588.6,672.2,Inglês,1.0,160.0,120.0,140.0,160.0,160.0,740.0,Sim
"1,90E+11",Campinas,16,F,1,branca,1,3,não_respondeu,,,1,1,1,1,580.7,614.6,553.5,645.4,Inglês,1.0,160.0,160.0,160.0,180.0,120.0,780.0,Sim
"1,90E+11",Campinas,16,F,1,branca,1,3,não_respondeu,,,1,1,1,1,55.1,638.7,608.7,661.5,Inglês,1.0,120.0,120.0,100.0,120.0,60.0,520.0,Sim
"1,90E+11",Campinas,17,M,1,branca,1,3,não_respondeu,,,1,1,1,1,543.2,58.4,56.4,652.8,Inglês,1.0,120.0,120.0,120.0,120.0,160.0,640.0,Sim
"1,90E+11",Campinas,17,F,1,branca,1,3,não_respondeu,,,1,1,1,1,615.9,686.1,598.5,734.6,Inglês,1.0,160.0,140.0,120.0,140.0,140.0,700.0,Sim
"1,90E+11",Campinas,17,F,1,branca,1,3,não_respondeu,,,1,1,1,1,58.6,560.8,560.9,605.3,Inglês,1.0,120.0,120.0,140.0,140.0,160.0,680.0,Sim
"1,90E+11",Campinas,16,F,1,branca,1,3,não_respondeu,,,1,1,1,1,499.2,581.1,551.8,517.4,Inglês,1.0,160.0,140.0,160.0,200.0,80.0,740.0,Sim
"1,90E+11",Campinas,15,F,1,branca,1,3,não_respondeu,,,1,1,1,1,413.2,431.8,53.1,526.3,Inglês,1.0,120.0,120.0,120.0,140.0,160.0,660.0,Sim
"1,90E+11",Campinas,16,M,1,branca,1,3,não_respondeu,,,1,1,1,1,551.2,591.9,543.4,57.5,Inglês,1.0,120.0,120.0,120.0,140.0,100.0,600.0,Sim
"1,90E+11",Campinas,16,F,1,branca,1,3,não_respondeu,,,1,1,1,1,540.5,571.7,555.7,478.5,Inglês,1.0,120.0,140.0,120.0,120.0,120.0,620.0,Sim
"1,90E+11",Campinas,16,F,1,branca,1,3,não_respondeu,,,1,1,1,1,527.1,585.6,560.1,580.3,Inglês,1.0,160.0,180.0,160.0,160.0,120.0,780.0,Sim
"1,90E+11",Campinas,16,F,1,branca,1,3,não_respondeu,,,1,1,1,1,543.1,550.9,555.9,609.2,Inglês,1.0,140.0,100.0,120.0,120.0,120.0,600.0,Sim
"1,90E+11",Campinas,17,F,1,branca,1,3,não_respondeu,,,1,1,1,1,415.5,531.6,535.3,460.4,Inglês,1.0,140.0,120.0,120.0,120.0,140.0,640.0,Sim
"1,90E+11",Campinas,17,F,1,branca,1,3,não_respondeu,,,1,1,1,1,407.7,535.4,540.1,686.8,Inglês,1.0,160.0,180.0,140.0,160.0,120.0,760.0,Sim
"1,90E+11",Campinas,16,F,1,branca,1,3,não_respondeu,,,1,1,1,1,583.6,62.8,560.8,689.7,Inglês,1.0,160.0,140.0,160.0,140.0,160.0,760.0,Sim
"1,90E+11",Campinas,17,F,1,branca,1,3,não_respondeu,,,1,1,1,1,51.7,503.9,519.6,654.5,Inglês,1.0,120.0,120.0,140.0,140.0,120.0,640.0,Sim
"1,90E+11",Campinas,16,M,1,branca,1,3,não_respondeu,,,1,1,1,1,599.9,606.9,601.3,801.1,Inglês,1.0,120.0,120.0,120.0,140.0,100.0,600.0,Sim
"1,90E+11",Campinas,19,M,1,nao_declarado,1,3,não_respondeu,,,1,1,1,1,482.3,389.1,517.9,377.6,Inglês,1.0,140.0,120.0,120.0,100.0,80.0,560.0,Sim
"1,90E+11",Campinas,15,M,1,branca,1,3,não_respondeu,,,1,1,1,1,560.8,53.8,490.4,655.2,Espanhol,1.0,120.0,120.0,120.0,140.0,120.0,620.0,Sim
"1,90E+11",Campinas,16,F,1,branca,1,3,não_respondeu,,,1,1,1,1,539.3,478.3,442.4,542.2,Inglês,1.0,100.0,120.0,120.0,120.0,60.0,520.0,Sim
"1,90E+11",Campinas,16,F,1,parda,1,3,não_respondeu,,,1,1,1,1,575.8,566.3,568.1,704.6,Inglês,1.0,160.0,120.0,140.0,180.0,120.0,720.0,Sim
"1,90E+11",Campinas,17,M,1,branca,1,3,não_respondeu,,,1,1,1,1,576.6,584.2,564.8,612.7,Inglês,1.0,160.0,120.0,160.0,120.0,200.0,760.0,Sim
"1,90E+11",Campinas,16,F,1,branca,1,3,não_respondeu,,,1,1,1,1,585.2,576.7,569.3,751.9,Inglês,1.0,160.0,180.0,180.0,180.0,200.0,900.0,Sim
"1,90E+11",Campinas,17,M,1,branca,1,3,não_respondeu,,,1,1,1,1,577.9,615.3,586.2,658.5,Inglês,1.0,160.0,120.0,180.0,160.0,160.0,780.0,Sim
"1,90E+11",Campinas,16,F,1,parda,1,3,não_respondeu,,,1,1,1,1,413.3,537.4,565.6,491.3,Inglês,1.0,140.0,120.0,120.0,120.0,60.0,560.0,Sim
"1,90E+11",Campinas,16,M,1,branca,1,3,não_respondeu,,,1,1,1,1,593.9,605.8,582.9,653.8,Inglês,1.0,160.0,120.0,200.0,200.0,120.0,800.0,Sim
"1,90E+11",Campinas,16,M,1,branca,1,3,não_respondeu,,,1,1,1,1,505.9,507.1,375.4,624.8,Espanhol,1.0,140.0,120.0,140.0,140.0,140.0,680.0,Sim
"1,90E+11",Campinas,17,M,1,branca,1,3,não_respondeu,,,1,1,1,1,594.7,613.2,595.3,765.2,Inglês,1.0,140.0,120.0,160.0,160.0,120.0,700.0,Sim
"1,90E+11",Campinas,17,M,1,branca,1,3,não_respondeu,,,1,1,1,1,54.2,539.4,54.8,70.3,Inglês,1.0,160.0,180.0,160.0,180.0,180.0,860.0,Sim
"1,90E+11",Campinas,16,M,1,branca,1,3,não_respondeu,,,1,1,1,1,577.7,60.5,56.0,649.3,Inglês,1.0,120.0,120.0,160.0,120.0,140.0,660.0,Sim
"1,90E+11",Campinas,17,M,0,branca,1,3,não_respondeu,,,1,1,1,1,496.6,499.9,551.3,493.8,Inglês,1.0,120.0,120.0,120.0,120.0,60.0,540.0,Sim
"1,90E+11",Campinas,15,M,0,amarela,1,3,não_respondeu,,,1,1,1,1,545.4,523.1,564.5,698.8,Inglês,1.0,140.0,120.0,120.0,140.0,120.0,640.0,Sim
"1,90E+11",Campinas,16,F,1,parda,1,3,não_respondeu,,,1,1,1,1,528.2,562.2,582.4,398.8,Espanhol,1.0,160.0,200.0,160.0,140.0,160.0,820.0,Sim
"1,90E+11",Campinas,16,M,1,parda,1,3,não_respondeu,,,1,1,1,1,533.9,58.6,581.7,567.4,Inglês,1.0,120.0,120.0,80.0,120.0,60.0,500.0,Sim
"1,90E+11",Campinas,16,F,2,amarela,1,3,não_respondeu,,,1,1,1,1,641.4,560.1,597.6,720.8,Inglês,1.0,120.0,160.0,120.0,120.0,80.0,600.0,Sim
"1,90E+11",Campinas,16,M,1,branca,1,3,não_respondeu,,,1,1,1,1,56.7,577.3,576.4,665.4,Inglês,1.0,100.0,80.0,60.0,100.0,0.0,340.0,Sim
"1,90E+11",Campinas,16,F,1,parda,1,3,não_respondeu,,,1,1,1,1,536.7,588.1,591.6,637.2,Espanhol,1.0,160.0,200.0,180.0,180.0,180.0,900.0,Sim
"1,90E+11",Campinas,16,M,1,branca,1,3,não_respondeu,,,1,1,1,1,588.8,645.3,624.2,660.9,Inglês,1.0,160.0,180.0,140.0,160.0,180.0,820.0,Sim
"1,90E+11",Campinas,17,M,1,branca,1,3,não_respondeu,,,1,1,1,1,465.2,553.5,55.4,430.9,Inglês,1.0,120.0,120.0,120.0,120.0,120.0,600.0,Sim
"1,90E+11",Campinas,16,F,1,branca,1,3,não_respondeu,,,1,1,1,1,455.4,496.4,583.5,512.5,Inglês,1.0,120.0,120.0,140.0,120.0,60.0,560.0,Sim
"1,90E+11",Campinas,16,F,1,branca,1,3,não_respondeu,,,1,1,1,1,494.5,51.6,576.7,671.6,Inglês,1.0,160.0,120.0,160.0,140.0,160.0,740.0,Sim
"1,90E+11",Campinas,15,M,1,parda,1,3,não_respondeu,,,1,1,1,1,575.1,589.7,565.2,644.2,Inglês,4.0,0.0,0.0,0.0,0.0,0.0,0.0,Sim
"1,90E+11",Campinas,16,F,1,branca,1,3,não_respondeu,,,1,1,1,1,476.2,378.6,36.0,443.7,Inglês,1.0,120.0,40.0,40.0,100.0,40.0,340.0,Sim
"1,90E+11",Campinas,15,F,1,parda,1,3,não_respondeu,,,1,1,1,1,500.5,540.1,568.2,460.7,Espanhol,1.0,120.0,140.0,120.0,120.0,80.0,580.0,Sim
"1,90E+11",Campinas,16,F,1,branca,1,3,não_respondeu,,,1,1,1,1,449.3,403.6,508.6,730.6,Espanhol,1.0,140.0,120.0,120.0,120.0,60.0,560.0,Sim
"1,90E+11",Campinas,16,F,1,parda,1,3,não_respondeu,,,1,1,1,1,615.4,57.7,583.2,742.1,Inglês,1.0,160.0,140.0,140.0,160.0,120.0,720.0,Sim
"1,90E+11",Campinas,17,F,1,branca,1,3,não_respondeu,,,1,1,1,1,414.8,435.2,527.5,50.1,Inglês,1.0,120.0,120.0,100.0,80.0,0.0,420.0,Sim
"1,90E+11",Campinas,17,M,1,branca,1,3,não_respondeu,,,1,1,1,1,516.5,507.4,553.7,693.4,Inglês,1.0,120.0,120.0,120.0,120.0,100.0,580.0,Sim
"1,90E+11",Campinas,16,M,1,branca,1,3,não_respondeu,,,1,1,1,1,48.4,585.7,560.5,725.9,Inglês,1.0,120.0,120.0,120.0,140.0,160.0,660.0,Sim
"1,90E+11",Campinas,16,F,1,parda,1,3,não_respondeu,,,1,1,1,1,493.5,569.4,543.7,632.7,Inglês,1.0,120.0,40.0,40.0,120.0,0.0,320.0,Sim
"1,90E+11",Campinas,16,F,1,branca,1,3,não_respondeu,,,1,1,1,1,575.7,55.7,57.4,640.9,Inglês,1.0,120.0,180.0,120.0,120.0,120.0,660.0,Sim
"1,90E+11",Campinas,16,M,1,branca,3,3,não_respondeu,,,1,1,1,1,603.9,59.0,582.9,744.7,Inglês,1.0,140.0,120.0,120.0,120.0,120.0,620.0,Sim
"1,90E+11",Campinas,17,M,1,branca,1,3,não_respondeu,,,1,1,1,1,587.2,679.1,645.8,77.0,Inglês,1.0,160.0,180.0,160.0,160.0,200.0,860.0,Sim
"1,90E+11",Campinas,16,M,1,branca,1,3,não_respondeu,,,1,1,1,1,507.7,582.8,561.2,628.8,Inglês,1.0,120.0,120.0,140.0,120.0,100.0,600.0,Sim
"1,90E+11",Campinas,15,F,1,branca,1,3,não_respondeu,,,1,1,1,1,575.7,58.7,573.3,675.8,Inglês,1.0,100.0,120.0,120.0,120.0,140.0,600.0,Sim
"1,90E+11",Campinas,17,M,1,preta,1,3,não_respondeu,,,1,1,1,1,439.5,559.1,513.3,610.3,Espanhol,1.0,120.0,180.0,140.0,140.0,180.0,760.0,Sim
"1,90E+11",Campinas,16,M,1,branca,1,3,não_respondeu,,,1,1,1,1,702.9,639.1,63.5,902.1,Inglês,1.0,180.0,180.0,200.0,180.0,180.0,920.0,Sim
"1,90E+11",Campinas,15,M,1,branca,1,3,não_respondeu,,,1,1,1,1,536.1,515.6,550.5,503.1,Inglês,1.0,140.0,140.0,120.0,120.0,120.0,640.0,Sim
"1,90E+11",Campinas,16,M,1,preta,1,3,não_respondeu,,,1,1,1,1,539.4,579.5,583.7,670.1,Inglês,1.0,120.0,120.0,120.0,120.0,120.0,600.0,Sim
"1,90E+11",Campinas,16,M,1,branca,1,3,não_respondeu,,,1,1,1,1,593.9,644.1,589.8,722.5,Inglês,1.0,160.0,140.0,140.0,180.0,140.0,760.0,Sim
"1,90E+11",Campinas,16,F,0,parda,1,3,não_respondeu,,,1,1,1,1,436.9,469.7,552.5,492.6,Inglês,1.0,140.0,120.0,100.0,100.0,0.0,460.0,Sim
"1,90E+11",Campinas,17,F,1,branca,1,3,não_respondeu,,,1,1,1,1,367.5,415.4,456.4,442.8,Inglês,1.0,120.0,100.0,100.0,100.0,0.0,420.0,Sim
"1,90E+11",Campinas,16,F,1,branca,1,3,não_respondeu,,,1,1,1,1,623.5,594.9,61.6,687.8,Inglês,1.0,140.0,120.0,120.0,120.0,80.0,580.0,Sim
"1,90E+11",Campinas,17,F,1,branca,1,3,não_respondeu,,,1,1,1,1,534.5,548.3,538.4,404.1,Inglês,1.0,160.0,120.0,160.0,160.0,80.0,680.0,Sim
"1,90E+11",Campinas,17,F,1,branca,4,3,não_respondeu,,,1,1,1,1,545.6,601.5,60.6,663.4,Inglês,1.0,180.0,160.0,160.0,140.0,120.0,760.0,Sim
"1,90E+11",Campinas,16,M,1,parda,1,3,não_respondeu,,,1,1,1,1,421.3,508.1,496.3,434.5,Espanhol,1.0,120.0,120.0,120.0,120.0,0.0,480.0,Sim
"1,90E+11",Campinas,17,M,1,branca,1,3,não_respondeu,,,1,1,1,1,587.3,563.9,523.8,628.6,Inglês,1.0,120.0,160.0,120.0,120.0,120.0,640.0,Sim
"1,90E+11",Campinas,16,F,1,branca,1,3,não_respondeu,,,1,1,1,1,592.2,551.7,529.5,706.7,Espanhol,1.0,160.0,160.0,180.0,160.0,140.0,800.0,Sim
"1,90E+11",Campinas,17,F,1,amarela,1,3,não_respondeu,,,1,1,1,1,543.2,55.5,56.6,565.5,Inglês,1.0,140.0,140.0,120.0,140.0,140.0,680.0,Sim
"1,90E+11",Campinas,16,F,1,preta,1,3,não_respondeu,,,1,1,1,1,518.6,547.6,612.5,53.2,Inglês,1.0,120.0,180.0,120.0,120.0,160.0,700.0,Sim
"1,90E+11",Campinas,16,F,1,preta,1,3,não_respondeu,,,1,1,1,1,374.4,453.1,472.7,402.5,Inglês,1.0,100.0,120.0,120.0,100.0,120.0,560.0,Sim
"1,90E+11",Campinas,16,M,1,branca,1,3,não_respondeu,,,1,1,1,1,65.4,62.6,613.7,685.1,Inglês,1.0,160.0,120.0,160.0,160.0,140.0,740.0,Sim
"1,90E+11",Campinas,17,F,1,branca,1,3,não_respondeu,,,1,1,1,1,481.1,510.9,507.2,557.5,Inglês,1.0,120.0,120.0,120.0,140.0,160.0,660.0,Sim
"1,90E+11",Campinas,16,M,1,branca,1,3,não_respondeu,,,1,1,1,1,671.2,649.3,627.6,831.7,Inglês,1.0,160.0,120.0,120.0,120.0,140.0,660.0,Sim
"1,90E+11",Campinas,16,F,1,branca,1,3,não_respondeu,,,1,1,1,1,605.9,585.6,604.1,722.2,Inglês,1.0,180.0,140.0,160.0,160.0,140.0,780.0,Sim
"1,90E+11",Campinas,15,F,1,branca,1,3,não_respondeu,,,1,1,1,1,571.4,577.2,549.4,715.7,Inglês,1.0,120.0,160.0,100.0,120.0,120.0,620.0,Sim
"1,90E+11",Campinas,17,F,1,branca,1,3,não_respondeu,,,1,1,1,1,435.7,617.4,60.7,637.9,Inglês,1.0,160.0,100.0,160.0,140.0,160.0,720.0,Sim
"1,90E+11",Campinas,16,M,1,branca,1,3,não_respondeu,,,1,1,1,1,547.1,554.1,550.9,463.6,Inglês,1.0,120.0,120.0,120.0,120.0,80.0,560.0,Sim
"1,90E+11",Campinas,17,F,1,amarela,1,3,não_respondeu,,,1,1,1,1,560.7,533.4,577.1,500.3,Espanhol,1.0,160.0,120.0,160.0,180.0,140.0,760.0,Sim
"1,90E+11",Campinas,16,F,1,parda,1,3,não_respondeu,,,1,1,1,1,404.5,547.5,389.6,527.3,Inglês,1.0,140.0,120.0,140.0,120.0,180.0,700.0,Sim
"1,90E+11",Campinas,17,M,1,parda,1,3,não_respondeu,,,1,1,1,1,457.1,500.5,517.3,43.4,Inglês,1.0,120.0,100.0,120.0,120.0,100.0,560.0,Sim
"1,90E+11",Campinas,16,F,1,branca,1,3,não_respondeu,,,1,1,1,1,566.2,572.1,592.5,533.1,Inglês,1.0,160.0,120.0,120.0,80.0,80.0,560.0,Sim
"1,90E+11",Campinas,17,F,1,branca,1,3,não_respondeu,,,1,1,1,1,437.3,502.4,49.1,420.2,Inglês,1.0,80.0,40.0,40.0,80.0,0.0,240.0,Sim
"1,90E+11",Campinas,17,M,1,branca,1,3,não_respondeu,,,1,1,1,1,539.6,538.4,569.8,764.5,Inglês,1.0,120.0,120.0,100.0,120.0,100.0,560.0,Sim
"1,90E+11",Campinas,16,M,1,branca,1,3,não_respondeu,,,1,1,1,1,404.7,542.8,56.7,657.1,Inglês,1.0,160.0,180.0,180.0,160.0,160.0,840.0,Sim
"1,90E+11",Campinas,16,F,1,branca,1,3,não_respondeu,,,1,1,1,1,533.7,555.7,575.7,523.8,Inglês,1.0,120.0,120.0,120.0,100.0,80.0,540.0,Sim
"1,90E+11",Campinas,16,M,1,branca,1,3,não_respondeu,,,1,1,1,1,599.7,692.4,630.3,748.1,Inglês,1.0,140.0,120.0,120.0,120.0,180.0,680.0,Sim
"1,90E+11",Campinas,15,F,1,branca,1,3,não_respondeu,,,1,1,1,1,58.3,535.3,612.7,613.8,Inglês,1.0,100.0,120.0,100.0,140.0,0.0,460.0,Sim
"1,90E+11",Campinas,16,M,1,branca,1,3,não_respondeu,,,1,1,1,1,652.4,672.6,599.9,809.9,Inglês,1.0,160.0,200.0,180.0,180.0,200.0,920.0,Sim
"1,90E+11",Campinas,15,F,1,branca,1,3,não_respondeu,,,1,1,1,1,527.3,600.7,649.4,644.7,Inglês,1.0,120.0,120.0,120.0,120.0,80.0,560.0,Sim
"1,90E+11",Campinas,17,M,1,branca,1,3,não_respondeu,,,1,1,1,1,512.7,627.5,608.7,702.5,Inglês,1.0,160.0,180.0,180.0,160.0,160.0,840.0,Sim
"1,90E+11",Campinas,17,F,1,parda,1,3,não_respondeu,,,1,1,1,1,565.7,603.5,623.3,494.7,Inglês,1.0,140.0,120.0,160.0,160.0,120.0,700.0,Sim
"1,90E+11",Campinas,17,M,1,branca,1,3,não_respondeu,,,1,1,1,1,624.6,61.1,652.4,745.3,Inglês,1.0,160.0,160.0,140.0,160.0,120.0,740.0,Sim
"1,90E+11",Campinas,16,M,1,branca,1,3,não_respondeu,,,1,1,1,1,561.7,621.5,633.3,707.5,Inglês,1.0,100.0,120.0,120.0,120.0,140.0,600.0,Sim
"1,90E+11",Campinas,16,M,2,branca,1,3,não_respondeu,,,1,1,1,1,530.9,45.2,567.2,705.1,Inglês,1.0,140.0,120.0,120.0,100.0,160.0,640.0,Sim
"1,90E+11",Campinas,17,F,1,branca,1,3,não_respondeu,,,1,1,1,1,427.1,462.8,497.8,45.7,Inglês,1.0,120.0,120.0,100.0,120.0,20.0,480.0,Sim
"1,90E+11",Campinas,17,F,1,branca,1,3,não_respondeu,,,1,1,1,1,449.4,608.2,542.2,577.1,Inglês,1.0,160.0,40.0,40.0,120.0,40.0,400.0,Sim
"1,90E+11",Campinas,17,M,1,branca,1,3,não_respondeu,,,1,1,1,1,609.3,574.3,562.5,603.9,Inglês,1.0,100.0,120.0,120.0,120.0,120.0,580.0,Sim
"1,90E+11",Campinas,17,F,1,branca,4,3,não_respondeu,,,1,1,1,1,520.3,566.3,574.2,578.5,Inglês,1.0,100.0,200.0,180.0,160.0,80.0,720.0,Sim
"1,90E+11",Campinas,16,M,1,branca,1,3,não_respondeu,,,1,1,1,1,680.8,60.5,549.5,709.6,Inglês,1.0,120.0,120.0,120.0,120.0,160.0,640.0,Sim
"1,90E+11",Campinas,16,M,1,amarela,1,3,não_respondeu,,,1,1,1,1,63.0,615.8,608.2,713.4,Inglês,1.0,160.0,200.0,160.0,160.0,200.0,880.0,Sim
"1,90E+11",Campinas,16,F,1,branca,1,3,não_respondeu,,,1,1,1,1,547.7,586.4,58.9,684.7,Inglês,1.0,160.0,140.0,140.0,140.0,140.0,720.0,Sim
"1,90E+11",Campinas,16,M,1,branca,1,3,não_respondeu,,,1,1,1,1,575.4,636.2,569.3,649.1,Inglês,1.0,140.0,120.0,120.0,120.0,100.0,600.0,Sim
"1,90E+11",Campinas,16,F,1,parda,1,3,não_respondeu,,,1,1,1,1,438.8,477.5,519.7,531.9,Inglês,1.0,160.0,120.0,140.0,140.0,140.0,700.0,Sim
"1,90E+11",Campinas,16,F,1,branca,1,3,não_respondeu,,,1,1,1,1,546.8,524.8,566.3,562.8,Inglês,1.0,140.0,120.0,120.0,120.0,120.0,620.0,Sim
"1,90E+11",Campinas,15,F,1,branca,1,3,não_respondeu,,,1,1,1,1,520.4,535.1,533.8,541.8,Inglês,1.0,180.0,140.0,120.0,120.0,100.0,660.0,Sim
"1,90E+11",Campinas,17,M,1,branca,1,3,não_respondeu,,,1,1,1,1,564.9,561.8,569.5,589.2,Inglês,1.0,120.0,120.0,120.0,160.0,180.0,700.0,Sim
"1,90E+11",Campinas,17,F,1,branca,1,3,não_respondeu,,,1,1,1,1,519.1,56.8,546.3,654.2,Espanhol,1.0,120.0,120.0,140.0,140.0,140.0,660.0,Sim
"1,90E+11",Campinas,16,F,1,branca,1,3,não_respondeu,,,1,1,1,1,572.6,564.7,585.4,746.4,Inglês,1.0,180.0,120.0,180.0,200.0,180.0,860.0,Sim
"1,90E+11",Campinas,17,M,1,branca,1,3,não_respondeu,,,1,1,1,1,569.2,56.4,597.1,565.2,Inglês,1.0,140.0,120.0,120.0,120.0,140.0,640.0,Sim
"1,90E+11",Campinas,17,F,1,branca,1,3,não_respondeu,,,1,1,1,1,54.5,586.9,583.7,497.1,Inglês,1.0,160.0,120.0,160.0,160.0,140.0,740.0,Sim
"1,90E+11",Campinas,16,F,1,branca,1,3,não_respondeu,,,1,1,1,1,522.7,587.8,587.4,43.6,Inglês,1.0,140.0,120.0,120.0,120.0,120.0,620.0,Sim
"1,90E+11",Campinas,50,F,1,parda,1,3,não_respondeu,,,1,1,1,1,343.4,461.9,404.2,519.8,Espanhol,2.0,0.0,0.0,0.0,0.0,0.0,0.0,Sim
"1,90E+11",Campinas,15,F,1,branca,1,3,não_respondeu,,,1,1,1,1,604.3,537.3,586.1,674.1,Inglês,1.0,120.0,120.0,140.0,180.0,140.0,700.0,Sim
"1,90E+11",Campinas,16,F,1,branca,1,3,não_respondeu,,,1,1,1,1,620.4,640.9,613.9,577.8,Inglês,1.0,200.0,180.0,200.0,200.0,140.0,920.0,Sim
"1,90E+11",Campinas,16,F,1,branca,1,3,não_respondeu,,,1,1,1,1,565.9,592.2,510.9,450.1,Inglês,1.0,140.0,200.0,140.0,180.0,200.0,860.0,Sim
"1,90E+11",Campinas,17,M,1,branca,1,3,não_respondeu,,,1,1,1,1,387.3,517.2,56.2,647.3,Inglês,1.0,140.0,140.0,160.0,120.0,100.0,660.0,Sim
"1,90E+11",Campinas,17,M,1,branca,1,3,não_respondeu,,,1,1,1,1,507.4,41.6,545.7,443.9,Inglês,1.0,120.0,120.0,120.0,160.0,80.0,600.0,Sim
"1,90E+11",Campinas,16,F,1,branca,1,3,não_respondeu,,,1,1,1,1,53.9,574.9,571.1,605.8,Inglês,1.0,160.0,200.0,160.0,160.0,200.0,880.0,Sim
"1,90E+11",Campinas,17,F,1,branca,1,3,não_respondeu,,,1,1,1,1,607.1,632.9,602.4,658.4,Inglês,1.0,120.0,160.0,120.0,100.0,180.0,680.0,Sim
"1,90E+11",Campinas,16,F,1,branca,1,3,não_respondeu,,,1,1,1,1,520.1,58.1,589.3,533.1,Inglês,1.0,160.0,120.0,160.0,160.0,140.0,740.0,Sim
"1,90E+11",Campinas,16,F,1,branca,1,3,não_respondeu,,,1,1,1,1,52.2,570.6,574.6,544.1,Inglês,1.0,140.0,120.0,140.0,120.0,80.0,600.0,Sim
"1,90E+11",Campinas,17,F,1,branca,1,3,não_respondeu,,,1,1,1,1,574.6,599.7,585.1,675.8,Inglês,1.0,120.0,120.0,120.0,160.0,120.0,640.0,Sim
"1,90E+11",Campinas,15,M,3,branca,1,3,não_respondeu,,,1,1,1,1,675.2,622.7,572.4,797.5,Inglês,1.0,140.0,140.0,120.0,140.0,120.0,660.0,Sim
"1,90E+11",Campinas,16,F,1,branca,1,3,não_respondeu,,,1,1,1,1,526.3,434.5,504.3,415.8,Espanhol,1.0,100.0,140.0,120.0,80.0,20.0,460.0,Sim
"1,90E+11",Campinas,16,M,1,branca,1,3,não_respondeu,,,1,1,1,1,392.9,346.3,38.4,460.1,Inglês,1.0,100.0,80.0,80.0,100.0,0.0,360.0,Sim
"1,90E+11",Campinas,16,F,1,amarela,1,3,não_respondeu,,,1,1,1,1,576.2,633.2,608.8,692.6,Inglês,1.0,120.0,140.0,140.0,160.0,100.0,660.0,Sim
"1,90E+11",Campinas,16,F,1,branca,1,3,não_respondeu,,,1,1,1,1,555.9,548.3,571.3,68.2,Inglês,1.0,140.0,160.0,200.0,200.0,200.0,900.0,Sim
"1,90E+11",Campinas,15,F,1,branca,1,3,não_respondeu,,,1,1,1,1,351.9,498.7,492.1,542.8,Inglês,1.0,80.0,120.0,80.0,120.0,0.0,400.0,Sim
"1,90E+11",Campinas,17,F,1,preta,1,3,não_respondeu,,,1,1,1,1,42.1,489.9,470.2,437.1,Inglês,1.0,120.0,120.0,120.0,120.0,160.0,640.0,Sim
"1,90E+11",Campinas,16,F,1,branca,2,3,não_respondeu,,,1,1,1,1,45.1,515.1,573.8,570.5,Inglês,1.0,120.0,40.0,40.0,120.0,0.0,320.0,Sim
"1,90E+11",Campinas,16,F,1,branca,1,3,não_respondeu,,,1,1,1,1,462.5,57.4,605.5,49.5,Inglês,1.0,120.0,120.0,140.0,160.0,160.0,700.0,Sim
"1,90E+11",Campinas,16,M,1,branca,1,3,não_respondeu,,,1,1,1,1,436.2,546.7,515.4,501.8,Inglês,1.0,140.0,160.0,140.0,140.0,120.0,700.0,Sim
"1,90E+11",Campinas,17,F,1,branca,1,3,não_respondeu,,,1,1,1,1,608.3,620.3,647.3,649.9,Inglês,1.0,160.0,120.0,140.0,140.0,120.0,680.0,Sim
"1,90E+11",Campinas,16,M,1,branca,1,3,não_respondeu,,,1,1,1,1,583.8,569.4,445.6,579.8,Inglês,1.0,100.0,120.0,120.0,120.0,120.0,580.0,Sim
"1,90E+11",Campinas,16,F,1,branca,1,3,não_respondeu,,,1,1,1,1,507.7,523.8,556.3,549.5,Inglês,1.0,120.0,120.0,100.0,120.0,100.0,560.0,Sim
"1,90E+11",Campinas,16,F,1,branca,1,3,não_respondeu,,,1,1,1,1,497.8,627.8,573.3,667.2,Inglês,1.0,120.0,120.0,120.0,120.0,120.0,600.0,Sim
"1,90E+11",Campinas,17,F,1,branca,1,3,não_respondeu,,,1,1,1,1,56.9,611.7,560.4,667.5,Inglês,1.0,140.0,120.0,120.0,120.0,160.0,660.0,Sim
"1,90E+11",Campinas,17,F,1,branca,1,3,não_respondeu,,,1,1,1,1,540.2,583.4,574.9,500.4,Inglês,1.0,120.0,120.0,100.0,120.0,100.0,560.0,Sim
"1,90E+11",Campinas,16,F,1,parda,1,3,não_respondeu,,,1,1,1,1,482.2,523.6,531.5,566.2,Inglês,1.0,140.0,120.0,120.0,120.0,80.0,580.0,Sim
